Út,9,10;5,"Sociologie a sociální psychologie (13,39)",Cvi?ení,Q35,Abramuszkinová Pavlíková Eva
Út,9,10;5,"Sociologie a sociální psychologie (11,36)",Cvi?ení,Q35,Abramuszkinová Pavlíková Eva
Út,14,15;5,"EU a global governance (26,32)",P?ednáška,Q45,Abramuszkinová Pavlíková Eva
Út,16,16;5,"EU a global governance (26,32)",Cvi?ení,Q45,Abramuszkinová Pavlíková Eva
St,13,14;5,Sociologie a sociální psychologie (60),P?ednáška,Q02,Abramuszkinová Pavlíková Eva
St,15,16;5,Sociologie a sociální psychologie (11),Cvi?ení,Q35,Abramuszkinová Pavlíková Eva
St,15,16;5,Sociologie a sociální psychologie (13),Cvi?ení,Q35,Abramuszkinová Pavlíková Eva
?t,15,16;5,Sociologie a sociální psychologie (13),Cvi?ení,Q31,Abramuszkinová Pavlíková Eva
Po,15,16;5,Aplikované statistické metody (1),P?ednáška,Q22,Adamec Václav
Út,8,8;5,Ekonometrie I v AJ (26),P?ednáška,Q23,Adamec Václav
?t,7,8;5,Aplikované statistické metody,Cvi?ení,Q36,Adamec Václav
?t,11,12;5,Aplikované statistické metody,Cvi?ení,Q36,Adamec Václav
Pá,9,10;5,Ekonometrie I v AJ (79),Cvi?ení,Q37,Adamec Václav
Pá,11,12;5,Ekonometrie I v AJ (79),Cvi?ení,Q37,Adamec Václav
Út,10,12;5,Ú?etní software (26),Cvi?ení,Q26,Andrlík B?etislav
Út,7,8;5,"Po?íta?ové sít? I (26,30)",P?ednáška,Q01.48,Balej Ji?í
Út,11,12;5,"Inovace pro informatiky (26,47)",Cvi?ení,Q01.48,Balej Ji?í
Út,13,14;5,Excel (4),Cvi?ení,Q05,Balej Ji?í
Út,13,14;5,"Informatika pro ekonomy I (9,26)",Cvi?ení,Q05,Balej Ji?í
St,7,8;5,Inovace pro informatiky (47),Cvi?ení,Q01.48,Balej Ji?í
St,9,10;5,Inovace pro informatiky (47),Cvi?ení,Q01.48,Balej Ji?í
St,13,14;5,Excel (4),Cvi?ení,Q09,Balej Ji?í
St,13,14;5,Informatika pro ekonomy I (9),Cvi?ení,Q09,Balej Ji?í
?t,9,10;5,Excel (4),Cvi?ení,Q05,Balej Ji?í
?t,9,10;5,Informatika pro ekonomy I (9),Cvi?ení,Q05,Balej Ji?í
?t,11,12;5,Excel (4),Cvi?ení,Q05,Balej Ji?í
?t,11,12;5,Informatika pro ekonomy I (9),Cvi?ení,Q05,Balej Ji?í
?t,13,14;5,Po?íta?ové sít? I (30),P?ednáška,Q01.48,Balej Ji?í
Pá,11,12;5,"Excel (4,79)",Cvi?ení,Q05,Balej Ji?í
Pá,11,12;5,Informatika pro ekonomy I (9),Cvi?ení,Q05,Balej Ji?í
St,11,12;5,Hodnocení výkonnosti podniku (11),Cvi?ení,Q44,Basovníková Marcela
St,11,12;5,Hodnocení výkonnosti podniku (13),Cvi?ení,Q44,Basovníková Marcela
St,15,16;5,Hodnocení výkonnosti podniku (54),P?ednáška,Q16,Basovníková Marcela
St,17,18;5,Hodnocení výkonnosti podniku (11),Cvi?ení,Q44,Basovníková Marcela
St,17,18;5,Hodnocení výkonnosti podniku (13),Cvi?ení,Q44,Basovníková Marcela
?t,9,10;5,Podnikové finance,Cvi?ení,Q46,Basovníková Marcela
?t,11,12;5,Podnikové finance,Cvi?ení,Q46,Basovníková Marcela
?t,13,14;5,Podnikové finance,Cvi?ení,Q46,Basovníková Marcela
Út,12,12;5,"Sociální analýza (26,48)",Cvi?ení,Q33,Bédiová Monika
?t,15,16;5,Sociologie a sociální psychologie (11),Cvi?ení,Q31,Bédiová Monika
Po,9,10;5,Matematika I (1),Cvi?ení,Q31,Blašková Veronika
Po,11,12;5,Matematika I (1),Cvi?ení,Q31,Blašková Veronika
Út,8,9;5,Systémy oficiální statistiky (26),P?ednáška,Q36,Blašková Veronika
Út,10,10;5,Systémy oficiální statistiky (26),Cvi?ení,Q36,Blašková Veronika
?t,7,8;5,Matematika I,Cvi?ení,Q32,Blašková Veronika
Út,13,14;5,Ekonometrie I (26),Cvi?ení,Q37,Bobošová Terézia
St,9,10;5,Ekonometrie I,Cvi?ení,Q37,Bobošová Terézia
St,11,12;5,Ekonometrie I,Cvi?ení,Q37,Bobošová Terézia
?t,9,10;5,Ekonometrie I,Cvi?ení,Q37,Bobošová Terézia
?t,11,12;5,Ekonometrie I,Cvi?ení,Q37,Bobošová Terézia
Út,9,10;5,Mezinárodní ú?etní standardy v AJ (26),P?ednáška,Q25,Bohušová Hana
Út,11,12;5,Mezinárodní ú?etní standardy v AJ (26),Cvi?ení,Q25,Bohušová Hana
St,11,12;5,Sv?tový jazyk - N?m?ina 1,Cvi?ení,Q45,Branná Lucie
St,13,14;5,Sv?tový jazyk - N?m?ina 1,Cvi?ení,Q45,Branná Lucie
?t,13,14;5,Sv?tový jazyk - N?m?ina 2,Cvi?ení,Q38,Branná Lucie
Po,11,12;5,"Excel (1,4)",Cvi?ení,Q06,Bresti?ová Ludmila
Po,11,12;5,Informatika pro ekonomy I (9),Cvi?ení,Q06,Bresti?ová Ludmila
Po,15,16;5,"Excel (1,4)",Cvi?ení,Q06,Bresti?ová Ludmila
Po,15,16;5,Informatika pro ekonomy I (9),Cvi?ení,Q06,Bresti?ová Ludmila
Po,17,18;5,"Excel (1,4)",Cvi?ení,Q05,Bresti?ová Ludmila
Po,17,18;5,Informatika pro ekonomy I (9),Cvi?ení,Q05,Bresti?ová Ludmila
Po,9,10;5,Informatika pro ekonomy I (9),P?ednáška,Q01,?a?ková Petra
Po,11,12;5,"Excel (1,4)",Cvi?ení,Q05,?a?ková Petra
Po,11,12;5,Informatika pro ekonomy I (9),Cvi?ení,Q05,?a?ková Petra
Po,9,10;5,Opera?ní výzkum (1),Cvi?ení,Q36,?ampulová Martina
Po,11,12;5,Opera?ní výzkum (1),Cvi?ení,Q36,?ampulová Martina
St,7,8;5,Matematika II,Cvi?ení,Q44,?ampulová Martina
St,9,10;5,Matematika II,Cvi?ení,Q44,?ampulová Martina
?t,7,8;5,Matematika II,Cvi?ení,Q42,?ampulová Martina
?t,9,10;5,Matematika II,Cvi?ení,Q42,?ampulová Martina
St,17,18;5,Právo EU (13),Cvi?ení,Q35,Cejpek Musilová Hana
St,17,18;5,Právo EU (11),Cvi?ení,Q35,Cejpek Musilová Hana
Pá,7,8;5,"Právo EU (11,79)",Cvi?ení,Q48,Cejpek Musilová Hana
?t,7,8;5,Sociologie a sociální psychologie (11),Cvi?ení,Q35,?erný Ji?í
?t,7,8;5,Sociologie a sociální psychologie (13),Cvi?ení,Q35,?erný Ji?í
Po,13,14;5,"Po?íta?ová grafika I (1,15)",Cvi?ení,Q09,Chalupová Nad?žda
Po,15,16;5,"Po?íta?ová grafika I (1,15)",Cvi?ení,Q09,Chalupová Nad?žda
Út,13,14;5,Výpo?etní technika a algoritmizace II (26),Cvi?ení,Q47,Chalupová Nad?žda
St,13,14;5,Informa?ní systémy pro rozhodování,Cvi?ení,Q07,Chalupová Nad?žda
St,15,16;5,Výpo?etní technika a algoritmizace I (9),Cvi?ení,Q06,Chalupová Nad?žda
St,15,16;5,Word (4),Cvi?ení,Q06,Chalupová Nad?žda
?t,13,14;5,"Po?íta?ová grafika I (15,21)",Cvi?ení,Q09,Chalupová Nad?žda
?t,15,16;5,Výpo?etní technika a algoritmizace I (9),Cvi?ení,Q05,Chalupová Nad?žda
?t,15,16;5,Word (4),Cvi?ení,Q05,Chalupová Nad?žda
Po,9,10;5,"Integrovaný management (1,14)",P?ednáška,Q43,Chládková Helena
Út,13,13;5,Marketing I (26),Cvi?ení,Q28,Cinciala Tomáš
Út,14,14;5,Marketing I (26),Cvi?ení,Q28,Cinciala Tomáš
Pá,9,9;5,Elektronický marketing (79),Cvi?ení,Q27,Cinciala Tomáš
Pá,10,10;5,Elektronický marketing (79),Cvi?ení,Q27,Cinciala Tomáš
?t,11,12;5,Integrovaný management (11),Cvi?ení,Q43,Dania Tomáš
?t,11,12;5,Integrovaný management (13),Cvi?ení,Q43,Dania Tomáš
Út,7,8;5,Po?íta?ová grafika I (26),Cvi?ení,Q09,Dannhoferová Jana
Út,11,12;5,"Po?íta?ová grafika I (21,26)",Cvi?ení,Q09,Dannhoferová Jana
Út,13,14;5,Word (4),Cvi?ení,Q07,Dannhoferová Jana
St,7,8;5,Po?íta?ová grafika I,P?ednáška,Q03,Dannhoferová Jana
St,9,10;5,Po?íta?ová grafika I,Cvi?ení,Q09,Dannhoferová Jana
St,11,12;5,Po?íta?ová grafika I,Cvi?ení,Q09,Dannhoferová Jana
?t,7,8;5,Výpo?etní technika a algoritmizace II,Cvi?ení,Q07,Dannhoferová Jana
?t,9,10;5,Výpo?etní technika a algoritmizace II,Cvi?ení,Q07,Dannhoferová Jana
?t,13,14;5,Výpo?etní technika a algoritmizace II,Cvi?ení,Q05,Dannhoferová Jana
Po,10,10;5,"IS/ICT v AJ (1,15)",P?ednáška,Q16,Da?ena František
Po,11,12;5,Výpo?etní technika a algoritmizace II v AJ (1),Cvi?ení,Q24,Da?ena František
Po,13,14;5,Praxe vývojových technik (1),Cvi?ení,Q07,Da?ena František
Po,13,14;5,Praxe vývojových technik (1),Cvi?ení,Q07,Da?ena František
Po,15,16;5,Praxe vývojových technik (1),P?ednáška,Q15,Da?ena František
Út,11,12;5,Bakalá?ská práce IS/ICT (26),Cvi?ení,Q15,Da?ena František
Út,13,14;5,"Diplomní seminá? IS/ICT (26,29)",P?ednáška,Q42,Da?ena František
Út,15,16;5,Diplomová práce IS/ICT (26),Cvi?ení,Q42,Da?ena František
St,7,8;5,IS/ICT v AJ (15),Cvi?ení,Q24,Da?ena František
St,9,10;5,Výpo?etní technika a algoritmizace II v AJ,P?ednáška,Q23,Da?ena František
?t,7,8;5,Výpo?etní technika a algoritmizace II v AJ,Cvi?ení,Q24,Da?ena František
?t,13,14;5,"IS/ICT v AJ (15,21)",Cvi?ení,Q24,Da?ena František
?t,15,16;5,Informa?ní systémy v AJ,P?ednáška,Q15,Da?ena František
?t,17,18;5,Informa?ní systémy v AJ (75),Cvi?ení,Q06,Da?ena František
Pá,9,10;5,Selektivní zda?ování spot?eby (79),P?ednáška,Q16,David Petr
Pá,11,11;5,Selektivní zda?ování spot?eby (79),Cvi?ení,Q16,David Petr
Pá,12,12;5,Selektivní zda?ování spot?eby (79),Cvi?ení,Q25,David Petr
Út,15,18;5,"Kancelá?ské aplikace v AJ (4,43)",Cvi?ení,Q24,Dlabolová Dita
Út,17,18;5,"Informatika pro ekonomy I v AJ (26,43,44)",Cvi?ení,Q24,Dlabolová Dita
St,9,10;5,Excel (4),Cvi?ení,Q08,Dlabolová Dita
St,9,10;5,Informatika pro ekonomy I (9),Cvi?ení,Q08,Dlabolová Dita
St,11,14;5,"Kancelá?ské aplikace v AJ (4,43)",Cvi?ení,Q24,Dlabolová Dita
St,13,14;5,"Informatika pro ekonomy I v AJ (43,44)",Cvi?ení,Q24,Dlabolová Dita
St,15,16;5,Teoretické základy informatiky,Cvi?ení,Q31,Dlabolová Dita
?t,11,12;5,Excel (4),Cvi?ení,Q26,Dlabolová Dita
?t,11,12;5,Informatika pro ekonomy I (9),Cvi?ení,Q47,Dlabolová Dita
Pá,9,10;5,"Excel (4,79)",Cvi?ení,Q05,Dlabolová Dita
Pá,9,10;5,Informatika pro ekonomy I (9),Cvi?ení,Q05,Dlabolová Dita
Pá,11,12;5,Podnikatelský plán v AJ (79),P?ednáška,Q43,Drdla Miloš
Pá,13,14;5,"Podnikatelský plán v AJ (11,71,79)",Cvi?ení,Q43,Drdla Miloš
Pá,13,14;5,"Podnikatelský plán v AJ (13,71)",Cvi?ení,Q43,Drdla Miloš
Pá,7,8;5,"Veletrhy a výstavy (11,79)",Cvi?ení,Q27,Dufek Ond?ej
Pá,7,8;5,Veletrhy a výstavy (13),Cvi?ení,Q27,Dufek Ond?ej
Pá,9,10;5,Veletrhy a výstavy (79),P?ednáška,Q43,Dufek Ond?ej
Út,13,14;5,"Makroekonomie I (26,37)",P?ednáška,Q01,Dušková Jitka
?t,11,11;5,Makroekonomie I,Cvi?ení,Q32,Dušková Jitka
?t,13,14;5,Makroekonomie I (37),P?ednáška,Q01,Dušková Jitka
Po,13,14;5,Sv?tový jazyk - N?m?ina 2 (1),Cvi?ení,Q28,Dyková So?a
Po,15,16;5,Sv?tový jazyk - N?m?ina 2 (1),Cvi?ení,Q28,Dyková So?a
Út,11,12;5,Sv?tový jazyk - N?m?ina 2 (26),Cvi?ení,Q38,Dyková So?a
St,15,16;5,Energetika a technika v AJ,P?ednáška,R204,Fajman Martin
St,17,17;5,Energetika a technika v AJ,Cvi?ení,R204,Fajman Martin
Po,15,15;5,"Softwarové inženýrství II v AJ (1,19)",P?ednáška,Q47,Faldík Old?ich
Po,16,18;5,Softwarové inženýrství II v AJ (1),Cvi?ení,Q47,Faldík Old?ich
Út,16,18;5,Databázové systémy I (26),Cvi?ení,Q08,Faldík Old?ich
Po,9,10;5,"Diplomní seminá? (1,3,4)",P?ednáška,Q01,Farana Radim
Út,13,14;5,"Diplomní seminá? Kybernetika (26,29,31)",P?ednáška,Q41,Farana Radim
Út,15,16;5,"Diplomová práce Kybernetika (26,46)",Cvi?ení,Q41,Farana Radim
St,7,8;5,Bakalá?ský seminá? (52),P?ednáška,Q16,Farana Radim
St,9,10;5,Technická kybernetika (62),P?ednáška,Q17,Farana Radim
St,7,8;5,Ekonometrie I,Cvi?ení,Q36,Forbelská Marie
St,11,12;5,Ekonometrie I,Cvi?ení,Q36,Forbelská Marie
St,13,14;5,Ekonometrie I,Cvi?ení,Q37,Forbelská Marie
?t,7,8;5,Ekonometrie I,Cvi?ení,Q37,Forbelská Marie
Út,11,12;5,"Spole?enská odpov?dnost firem v AJ (26,35)",P?ednáška,Q23,Formánková Sylvie
Út,13,14;5,"Spole?enská odpov?dnost firem v AJ (11,35,36)",Cvi?ení,Q23,Formánková Sylvie
St,15,16;5,Spole?enská odpov?dnost firem (61),P?ednáška,Q03,Formánková Sylvie
?t,15,16;5,Spole?enská odpov?dnost firem (11),Cvi?ení,Q45,Formánková Sylvie
?t,15,16;5,Spole?enská odpov?dnost firem (13),Cvi?ení,Q45,Formánková Sylvie
?t,16,18;5,Ú?etní software,Cvi?ení,Q26,Formanová Lucie
Po,9,9;5,Hospodá?ská politika I (1),Cvi?ení,Q48,Franc Aleš
Po,10,10;5,Hospodá?ská politika I (1),Cvi?ení,Q48,Franc Aleš
Po,13,14;5,Hospodá?ská politika I (1),P?ednáška,Q03,Franc Aleš
Út,17,17;5,"Hospodá?ská politika I (21,26)",Cvi?ení,Q48,Franc Aleš
St,11,11;5,Hospodá?ská politika I,Cvi?ení,Q48,Franc Aleš
St,12,12;5,Hospodá?ská politika I,Cvi?ení,Q48,Franc Aleš
?t,9,10;5,Makroekonomie II,P?ednáška,Q01,Franc Aleš
?t,15,16;5,Mezinárodní investi?ní management v AJ (77),Cvi?ení,Q36,Francová Blanka
?t,17,18;5,Mezinárodní investi?ní management v AJ (77),Cvi?ení,Q36,Francová Blanka
Po,13,14;5,Mikroekonomie I (1),P?ednáška,Q02,Fuchs Kamil
Po,18,18;5,Vývoj ekonomického myšlení v AJ (1),Cvi?ení,Q45,Fuchs Kamil
?t,13,13;5,Mikroekonomie I,Cvi?ení,Q48,Fuchs Kamil
?t,14,14;5,Mikroekonomie I,Cvi?ení,Q48,Fuchs Kamil
?t,15,15;5,Mikroekonomie I,Cvi?ení,Q48,Fuchs Kamil
?t,16,16;5,Mikroekonomie I,Cvi?ení,Q48,Fuchs Kamil
Pá,11,12;5,"Makroekonomie I (9,56)",P?ednáška,Q01,Fuchs Kamil
Út,9,10;5,Finan?ní ú?etnictví II se zam??ením na zem? V4 (26),Cvi?ení,Q28,Gláserová Jana
?t,13,14;5,Finan?ní ú?etnictví II se zam??ením na zem? V4,Cvi?ení,Q43,Gláserová Jana
?t,15,16;5,Finan?ní ú?etnictví II se zam??ením na zem? V4 (72),P?ednáška,Q43,Gláserová Jana
Po,9,10;5,"Ú?etní software (1,4)",P?ednáška,Q02,Grásgruber Miloš
St,15,17;5,Ú?etní software,Cvi?ení,Q26,Grásgruber Miloš
Út,11,12;5,Obchodní jazyk - angli?tina (26),Cvi?ení,Q35,Grochal Matej
Út,13,14;5,Sv?tový jazyk - Angli?tina 2 (26),Cvi?ení,Q25,Grochal Matej
St,11,12;5,"Angli?tina 2, EI",Cvi?ení,Q01.84,Grochal Matej
?t,13,14;5,Obchodní jazyk - angli?tina,Cvi?ení,Q25,Grochal Matej
Út,10,10;5,Technologické projekty (26),P?ednáška,Q18,Groda Bo?ivoj
Po,11,12;5,Mezinárodní ú?etní standardy (1),Cvi?ení,Q28,Habanec Petr
St,11,12;5,Podniková ekonomika II,Cvi?ení,Q43,Hajko Vladimír
St,15,16;5,Podniková ekonomika II,Cvi?ení,Q38,Hajko Vladimír
?t,11,12;5,Finan?ní management v AJ (71),P?ednáška,Q23,Hajko Vladimír
?t,13,14;5,Podniková ekonomika II,Cvi?ení,Q42,Hajko Vladimír
?t,15,16;5,Podniková ekonomika II,Cvi?ení,Q41,Hajko Vladimír
Út,11,12;5,Výpo?etní technika a algoritmizace II (26),Cvi?ení,Q06,Hála Tomáš
Út,13,14;5,"Výpo?etní technika I (9,26)",Cvi?ení,Q07,Hála Tomáš
Út,15,16;5,"Výpo?etní technika I (9,26)",Cvi?ení,Q07,Hála Tomáš
Út,17,18;5,Programovací techniky (26),Cvi?ení,Q07,Hála Tomáš
St,13,14;5,Programovací techniky,Cvi?ení,Q47,Hála Tomáš
St,15,16;5,Programovací techniky,Cvi?ení,Q47,Hála Tomáš
Pá,13,16;5,"Kroužek moderních technologií po?íta?ové sazby (79,86)",Cvi?ení,Q07,Hála Tomáš
Pá,15,16;5,"Bakalá?ský seminá? IS/ICT (11,79)",Cvi?ení,Q05,Hála Tomáš
Po,9,10;5,Zpracování text? na po?íta?i (1),Cvi?ení,Q06,Haluza Pavel
Po,11,12;5,Teoretické základy informatiky (1),P?ednáška,Q22,Haluza Pavel
Po,13,14;5,Informatika pro ekonomy II (1),Cvi?ení,Q05,Haluza Pavel
Po,15,16;5,Zpracování text? na po?íta?i (1),Cvi?ení,Q05,Haluza Pavel
Út,13,14;5,Zpracování text? na po?íta?i (26),Cvi?ení,Q09,Haluza Pavel
Út,15,16;5,Zpracování text? na po?íta?i (26),Cvi?ení,Q09,Haluza Pavel
Út,17,18;5,Zpracování text? na po?íta?i (26),Cvi?ení,Q09,Haluza Pavel
St,9,10;5,Zpracování text? na po?íta?i,Cvi?ení,Q05,Haluza Pavel
St,11,12;5,Zpracování text? na po?íta?i,Cvi?ení,Q05,Haluza Pavel
St,13,14;5,Výpo?etní technika I,P?ednáška,Q16,Haluza Pavel
St,15,16;5,Zpracování text? na po?íta?i,Cvi?ení,Q07,Haluza Pavel
?t,9,10;5,Zpracování text? na po?íta?i,Cvi?ení,Q09,Haluza Pavel
?t,15,16;5,Informatika pro ekonomy II,Cvi?ení,Q07,Haluza Pavel
Po,11,12;5,Matematika II (1),P?ednáška,Q01,Hampel David
St,7,8;5,Matematika II,Cvi?ení,Q42,Hampel David
St,9,10;5,Pokro?ilé statistické metody a modely,P?ednáška,Q36,Hampel David
St,13,14;5,Pokro?ilé statistické metody a modely,Cvi?ení,Q36,Hampel David
Po,9,10;5,"Marketing II v AJ (1,17,18)",P?ednáška,Q38,Hazuchová Na?a
Po,11,12;5,"Marketing II v AJ (1,13,17)",Cvi?ení,Q38,Hazuchová Na?a
St,13,14;5,Ekonomicko matematické metody,P?ednáška,Q15,Holoubek Josef
?t,13,14;5,Ekonomicko matematické metody,Cvi?ení,Q37,Holoubek Josef
?t,15,16;5,Ekonomicko matematické metody,Cvi?ení,Q37,Holoubek Josef
St,9,10;5,"Angli?tina 2, EI (64)",Cvi?ení,Q01.84,Horáková Ludmila
?t,15,16;5,Sv?tový jazyk - N?m?ina 2 (78),Cvi?ení,Q38,Horáková Ludmila
Po,15,16;5,Základy elektrotechniky (1),Cvi?ení,Q01.43,Hor?ák Jan
?t,13,14;5,Základy práva I (11),Cvi?ení,Q28,Hrdli?ka Miloslav
?t,13,14;5,Základy práva I (13),Cvi?ení,Q28,Hrdli?ka Miloslav
?t,15,16;5,Základy práva I (13),Cvi?ení,Q28,Hrdli?ka Miloslav
?t,15,16;5,Základy práva I (11),Cvi?ení,Q28,Hrdli?ka Miloslav
Út,13,14;5,"Personalistika (13,39)",Cvi?ení,Q14,Hrdli?ková Andrea
Út,13,14;5,"Personalistika (11,36)",Cvi?ení,Q14,Hrdli?ková Andrea
St,13,14;5,Personalistika,P?ednáška,Q03,Hrdli?ková Andrea
Po,15,16;5,"Opera?ní management (1,13)",Cvi?ení,Q14,Janiš Vít
Po,17,18;5,"Opera?ní management (1,13)",Cvi?ení,Q14,Janiš Vít
?t,11,12;5,Opera?ní management v AJ (11),Cvi?ení,Q45,Janiš Vít
?t,11,12;5,Opera?ní management v AJ (13),Cvi?ení,Q45,Janiš Vít
Út,11,12;5,"Výpo?etní technika II (21,26)",Cvi?ení,Q07,Jedli?ka Petr
Út,13,14;5,"Výpo?etní technika II (26,42)",P?ednáška,Q16,Jedli?ka Petr
St,9,10;5,Výpo?etní technika II,Cvi?ení,Q07,Jedli?ka Petr
St,11,12;5,Výpo?etní technika a algoritmizace I (59),P?ednáška,Q16,Jedli?ka Petr
St,15,16;5,Výpo?etní technika II,Cvi?ení,Q09,Jedli?ka Petr
St,17,18;5,Výpo?etní technika a algoritmizace I (9),Cvi?ení,Q47,Jedli?ka Petr
St,17,18;5,Word (4),Cvi?ení,Q47,Jedli?ka Petr
?t,9,10;5,Výpo?etní technika II,Cvi?ení,Q06,Jedli?ka Petr
?t,13,14;5,Výpo?etní technika II,Cvi?ení,Q08,Jedli?ka Petr
Pá,9,10;5,Kroužek pokro?ilého použití kancelá?ských aplikací (79),Cvi?ení,Q09,Jedli?ka Petr
Út,11,12;5,Obchodní jazyk - n?m?ina (26),Cvi?ení,Q44,Je?ábková Šárka
Út,13,14;5,Sv?tový jazyk - N?m?ina 2 (26),Cvi?ení,Q01.84,Je?ábková Šárka
Út,15,16;5,Sv?tový jazyk - N?m?ina 2 (26),Cvi?ení,Q01.84,Je?ábková Šárka
?t,17,18;5,Aplika?ní programové vybavení (24),Cvi?ení,Q09,Juránek Luboš
St,9,10;5,Finan?ní právo,P?ednáška,Q33,Jur?ík Radek
St,13,14;5,Správní právo hmotné,P?ednáška,Q33,Jur?ík Radek
St,15,16;5,Správní právo hmotné (11),Cvi?ení,Q33,Jur?ík Radek
Út,7,7;5,"Makroekonomie I (26,28)",Cvi?ení,Q32,Kajurová Veronika
Út,8,8;5,"Makroekonomie I (26,34)",Cvi?ení,Q32,Kajurová Veronika
Út,9,9;5,Makroekonomie I (26),Cvi?ení,Q32,Kajurová Veronika
Út,10,10;5,Makroekonomie I (26),Cvi?ení,Q32,Kajurová Veronika
Út,13,14;5,Makroekonomie II (26),Cvi?ení,Q35,Kajurová Veronika
St,7,8;5,Makroekonomie II,Cvi?ení,Q41,Kajurová Veronika
St,9,10;5,Makroekonomie II,Cvi?ení,Q41,Kajurová Veronika
Pá,9,10;5,Makroekonomie II (79),Cvi?ení,Q32,Kajurová Veronika
Pá,11,12;5,Makroekonomie II (79),Cvi?ení,Q32,Kajurová Veronika
Út,13,14;5,"Mezinárodní finance (26,40)",P?ednáška,Q15,Kapounek Svatopluk
Út,17,18;5,Mezinárodní investi?ní management v AJ (26),P?ednáška,Q42,Kapounek Svatopluk
?t,11,12;5,Bankovnictví I,P?ednáška,Q02,Kašparovská Vlasta
Po,15,16;5,Základy práva I (11),Cvi?ení,Q35,Kelblová Hana
Po,15,16;5,"Základy práva I (1,13)",Cvi?ení,Q35,Kelblová Hana
Út,9,10;5,"Základy práva I (13,39)",P?ednáška,Q01,Kelblová Hana
Út,16,18;5,Právo informa?ních systém? (26),P?ednáška,Q43,Kelblová Hana
St,15,16;5,Právo informa?ních systém? (13),Cvi?ení,Q32,Kelblová Hana
St,15,16;5,Právo informa?ních systém? (11),Cvi?ení,Q32,Kelblová Hana
?t,7,8;5,Ob?anské a rodinné právo,P?ednáška,Q33,Kelblová Hana
?t,9,10;5,Ob?anské a rodinné právo (11),Cvi?ení,Q33,Kelblová Hana
?t,9,10;5,"Ob?anské a rodinné právo (13,21)",Cvi?ení,Q33,Kelblová Hana
Po,15,16;5,Obchodní jazyk - angli?tina (1),Cvi?ení,Q46,Klapilová Jana
Út,9,10;5,Obchodní jazyk - angli?tina (26),Cvi?ení,Q46,Klapilová Jana
Út,11,12;5,Obchodní jazyk - angli?tina (26),Cvi?ení,Q46,Klapilová Jana
Pá,9,10;5,Obchodní jazyk - angli?tina (79),Cvi?ení,Q46,Klapilová Jana
Pá,11,12;5,Obchodní jazyk - angli?tina (79),Cvi?ení,Q46,Klapilová Jana
?t,7,8;5,Informa?ní systémy finan?ních institucí (11),Cvi?ení,Q06,Klegová Jaroslava
?t,7,8;5,Informa?ní systémy finan?ních institucí (13),Cvi?ení,Q06,Klegová Jaroslava
?t,15,16;5,Informa?ní systémy finan?ních institucí (13),Cvi?ení,Q06,Klegová Jaroslava
Út,17,18;5,Základy elektrotechniky (26),P?ednáška,Q16,Klein Richard
Po,17,18;5,"Opera?ní systémy (1,6)",P?ednáška,Q03,Klimeš Cyril
Po,11,12;5,Sv?tový jazyk - Špan?lština 2 (1),Cvi?ení,Q01.84,Kocmánková Markéta
St,13,14;5,Sv?tový jazyk - Špan?lština 2,Cvi?ení,Q01.84,Kocmánková Markéta
?t,15,16;5,Opera?ní výzkum,Cvi?ení,Q34,Kolman Pavel
?t,17,18;5,Opera?ní výzkum,Cvi?ení,Q34,Kolman Pavel
Pá,9,10;5,Opera?ní výzkum v AJ (79),P?ednáška,Q34,Kolman Pavel
Pá,11,12;5,Opera?ní výzkum v AJ (79),Cvi?ení,Q34,Kolman Pavel
Po,11,12;5,"Softwarové inženýrství II (10,11)",P?ednáška,Q16,Kolomazník Jan
Po,13,14;5,"Praxe vývojových technik Kybernetika (1,24)",Cvi?ení,Q11,Kolomazník Jan
Út,8,10;5,Softwarové inženýrství II (26),Cvi?ení,Q04,Kolomazník Jan
St,15,15;5,Paralelní programování,P?ednáška,Q05,Kolomazník Jan
St,16,17;5,Paralelní programování,Cvi?ení,Q05,Kolomazník Jan
?t,17,18;5,Teorie graf? (11),Cvi?ení,Q07,Kolomazník Jan
?t,17,18;5,Teorie graf? (13),Cvi?ení,Q07,Kolomazník Jan
St,13,14;5,Matematika II,Cvi?ení,Q46,Konderla Tomáš
?t,9,10;5,Matematika II,Cvi?ení,Q44,Konderla Tomáš
?t,11,12;5,Matematika II,Cvi?ení,Q44,Konderla Tomáš
Po,11,12;5,"Mezinárodní finance (1,22)",Cvi?ení,Q34,Koráb Petr
Po,15,16;5,"Mezinárodní finance (1,22)",Cvi?ení,Q34,Koráb Petr
Po,13,14;5,Vývoj ekonomického myšlení (1),P?ednáška,Q01,Kouba Lud?k
Po,15,16;5,Vývoj ekonomického myšlení v AJ (1),P?ednáška,Q45,Kouba Lud?k
Po,17,17;5,Vývoj ekonomického myšlení v AJ (1),Cvi?ení,Q45,Kouba Lud?k
Út,11,12;5,"Vývoj ekonomického myšlení (13,21,39)",Cvi?ení,Q48,Kouba Lud?k
Út,11,12;5,"Vývoj ekonomického myšlení (11,36)",Cvi?ení,Q48,Kouba Lud?k
St,11,12;5,"Vývoj ekonomického myšlení (11,21)",Cvi?ení,Q32,Kouba Lud?k
St,13,14;5,"Makroekonomie I (9,56,57)",P?ednáška,Q01,Kouba Lud?k
?t,9,10;5,Vývoj sv?tového hospodá?ství (57),P?ednáška,Q48,Kouba Lud?k
Út,15,16;5,M??icí systémy II (26),P?ednáška,Q17,Koudelka Petr
Út,13,16;5,"Seminá? ?ízení podniku (26,50)",Cvi?ení,Q27,Kožíšek Radovan
?t,9,10;5,Sociologie a sociální psychologie (13),Cvi?ení,Q35,Králíková Veronika
?t,9,10;5,Sociologie a sociální psychologie (11),Cvi?ení,Q35,Králíková Veronika
Út,7,8;5,Finan?ní ú?etnictví II se zam??ením na zem? V4 (26),Cvi?ení,Q28,Krchnivá Kate?ina
Út,9,10;5,Internacionalizace podnik? (26),P?ednáška,Q13,Kubí?ková Lea
?t,9,10;5,?ízení dodavatelsko-odb?ratelských vztah? (11),Cvi?ení,Q13,Kubí?ková Lea
?t,9,10;5,?ízení dodavatelsko-odb?ratelských vztah? (13),Cvi?ení,Q13,Kubí?ková Lea
?t,11,12;5,?ízení dodavatelsko-odb?ratelských vztah?,P?ednáška,Q03,Kubí?ková Lea
Po,11,12;5,"Opera?ní management (1,13)",Cvi?ení,Q14,Ku?erová Renata
Po,11,12;5,Opera?ní management (11),Cvi?ení,Q14,Ku?erová Renata
Po,15,16;5,Opera?ní management (11),Cvi?ení,Q14,Ku?erová Renata
?t,13,14;5,Spole?enská odpov?dnost firem (13),Cvi?ení,Q45,Ku?erová Renata
?t,13,14;5,Spole?enská odpov?dnost firem (11),Cvi?ení,Q45,Ku?erová Renata
St,11,12;5,Ve?ejné finance II (58),P?ednáška,Q03,Kuku?ková So?a
St,13,14;5,"Ve?ejné finance II (11,66)",Cvi?ení,Q38,Kuku?ková So?a
St,13,14;5,"Ve?ejné finance II (13,67)",Cvi?ení,Q38,Kuku?ková So?a
?t,11,12;5,"Ve?ejné finance II (13,66)",Cvi?ení,Q38,Kuku?ková So?a
Po,11,12;5,Opera?ní systémy (1),Cvi?ení,Q47,Kunderová Ludmila
Po,13,14;5,Opera?ní systémy (1),Cvi?ení,Q47,Kunderová Ludmila
Po,15,16;5,"Inovace pro informatiky (1,7)",P?ednáška,Q16,Kunderová Ludmila
?t,15,16;5,Manažerská psychologie (11),Cvi?ení,Q42,Kvapilová Bartošová Michaela
?t,15,16;5,Manažerská psychologie (13),Cvi?ení,Q42,Kvapilová Bartošová Michaela
Út,13,14;5,Evropské hospodá?ské právo v AJ (26),P?ednáška,Q02,Kyncl Libor
St,8,8;5,Evropské hospodá?ské právo v AJ,Cvi?ení,Q25,Kyncl Libor
St,9,10;5,Evropské hospodá?ské právo v AJ,P?ednáška,Q25,Kyncl Libor
St,15,16;5,Mezinárodní obchodní právo v AJ,P?ednáška,Q23,Kyncl Libor
St,17,17;5,Mezinárodní obchodní právo v AJ,Cvi?ení,Q23,Kyncl Libor
Po,9,10;5,Obchodní jazyk - angli?tina (1),Cvi?ení,Q01.84,Lahodová Marie
Po,11,12;5,Obchodní jazyk - angli?tina (1),Cvi?ení,Q44,Lahodová Marie
Po,13,14;5,Obchodní jazyk - angli?tina (1),Cvi?ení,Q46,Lahodová Marie
St,9,10;5,Obchodní jazyk - angli?tina,Cvi?ení,Q46,Lahodová Marie
St,11,12;5,Obchodní jazyk - angli?tina,Cvi?ení,Q46,Lahodová Marie
Po,9,10;5,"Mobilní aplikace v AJ (1,16)",P?ednáška,Q12,Landa Jaromír
Po,11,12;5,"Mobilní aplikace v AJ (1,16)",Cvi?ení,Q12,Landa Jaromír
Po,13,14;5,"Výpo?etní technika a algoritmizace I v AJ (11,16)",P?ednáška,Q15,Landa Jaromír
Út,11,12;5,"Mobilní aplikace (26,49)",Cvi?ení,Q12,Landa Jaromír
St,7,8;5,Mobilní aplikace (49),Cvi?ení,Q12,Landa Jaromír
St,9,10;5,Výpo?etní technika a algoritmizace I v AJ,Cvi?ení,Q24,Landa Jaromír
St,11,12;5,Animace a geoprostor,P?ednáška,Q15,Landa Jaromír
?t,7,8;5,Mobilní aplikace (49),P?ednáška,Q15,Landa Jaromír
?t,11,12;5,Animace a geoprostor,Cvi?ení,Q07,Landa Jaromír
Út,17,18;5,"Bankovnictví I (11,36)",Cvi?ení,Q31,Lašt?vková Jana
Út,17,18;5,"Bankovnictví I (13,39)",Cvi?ení,Q31,Lašt?vková Jana
St,13,14;5,Sv?tový jazyk - Francouzština 2 v AJ,Cvi?ení,Q25,Lazarová Anna
Po,11,12;5,Makroekonomická analýza (1),Cvi?ení,Q26,Litzman Marek
Po,15,16;5,Makroekonomie II (1),Cvi?ení,Q32,Litzman Marek
Po,17,18;5,Makroekonomická analýza (1),Cvi?ení,Q26,Litzman Marek
Po,17,18;5,"Makroekonomie II (1,21)",Cvi?ení,Q32,Litzman Marek
Út,9,10;5,Makroekonomie II (26),Cvi?ení,Q31,Litzman Marek
Út,17,18;5,Makroekonomická analýza (26),P?ednáška,Q15,Litzman Marek
St,11,12;5,Makroekonomie II,Cvi?ení,Q41,Litzman Marek
Út,17,18;5,"Projektový management (26,33)",P?ednáška,Q02,Lörinczy Markéta
Pá,9,10;5,"?ízení kvality a inovací (79,85)",P?ednáška,Q23,Lörinczy Markéta
Pá,11,12;5,"?ízení kvality a inovací (11,79,85)",Cvi?ení,Q45,Lörinczy Markéta
Pá,11,12;5,"?ízení kvality a inovací (13,85)",Cvi?ení,Q45,Lörinczy Markéta
Pá,13,14;5,"Projektový management v AJ (79,83)",P?ednáška,Q23,Lörinczy Markéta
Pá,15,15;5,"Projektový management v AJ (79,83)",Cvi?ení,Q23,Lörinczy Markéta
Út,11,12;5,Aplika?ní programové vybavení (26),P?ednáška,Q16,Lýsek Ji?í
St,11,12;5,Webové aplikace (68),Cvi?ení,Q07,Lýsek Ji?í
St,17,18;5,Webové aplikace (2),P?ednáška,Q16,Lýsek Ji?í
?t,13,14;5,Webové aplikace (68),Cvi?ení,Q07,Lýsek Ji?í
?t,15,16;5,Aplika?ní programové vybavení,Cvi?ení,Q09,Lýsek Ji?í
Út,13,14;5,"Vývoj ekonomického myšlení (11,36)",Cvi?ení,Q48,Machay Martin
Út,13,14;5,"Vývoj ekonomického myšlení (13,39)",Cvi?ení,Q48,Machay Martin
St,17,17;5,Ekonomický diskuzní kroužek (55),Cvi?ení,Q5.35,Machay Martin
St,17,17;5,Ekonomický diskuzní kroužek (55),Cvi?ení,Q5.35,Machay Martin
?t,13,13;5,Makroekonomie I,Cvi?ení,Q22,Machay Martin
?t,14,14;5,Makroekonomie I (76),Cvi?ení,Q22,Machay Martin
?t,16,16;5,Makroekonomie I (76),Cvi?ení,Q22,Machay Martin
?t,17,17;5,Makroekonomie I (76),Cvi?ení,Q22,Machay Martin
?t,18,18;5,Makroekonomie I (74),Cvi?ení,Q22,Machay Martin
Pá,7,8;5,"Vývoj ekonomického myšlení (11,79)",Cvi?ení,Q44,Machay Martin
Pá,7,8;5,Vývoj ekonomického myšlení (13),Cvi?ení,Q44,Machay Martin
Pá,9,10;5,Vývoj ekonomického myšlení (13),Cvi?ení,Q44,Machay Martin
Pá,9,10;5,"Vývoj ekonomického myšlení (11,79)",Cvi?ení,Q44,Machay Martin
Po,9,9;5,Makroekonomie I (1),Cvi?ení,Q32,Mádr Michal
Po,10,10;5,Makroekonomie I (1),Cvi?ení,Q32,Mádr Michal
Po,13,13;5,Makroekonomie I (1),Cvi?ení,Q32,Mádr Michal
Po,14,14;5,Makroekonomie I (1),Cvi?ení,Q32,Mádr Michal
Út,15,16;5,"Vývoj sv?tového hospodá?ství (11,36)",Cvi?ení,Q48,Mádr Michal
St,9,9;5,Makroekonomie I,Cvi?ení,Q22,Mádr Michal
St,10,10;5,Makroekonomie I,Cvi?ení,Q22,Mádr Michal
St,15,15;5,Makroekonomie I,Cvi?ení,Q22,Mádr Michal
St,16,16;5,Makroekonomie I,Cvi?ení,Q22,Mádr Michal
St,7,8;5,Finan?ní analýza podniku (11),Cvi?ení,Q48,Masa?ová Andrea
St,7,8;5,Finan?ní analýza podniku (13),Cvi?ení,Q48,Masa?ová Andrea
St,9,10;5,Podnikové finance,Cvi?ení,Q13,Masa?ová Andrea
?t,9,10;5,"Finan?ní analýza podniku (13,21)",Cvi?ení,Q32,Masa?ová Andrea
?t,15,16;5,Podnikové finance,Cvi?ení,Q46,Masa?ová Andrea
Pá,7,8;5,"Podnikové finance (21,79)",Cvi?ení,Q42,Masa?ová Andrea
Pá,9,10;5,Podnikové finance (79),Cvi?ení,Q42,Masa?ová Andrea
Pá,11,12;5,"Podnikové finance (79,91)",Cvi?ení,Q42,Masa?ová Andrea
Po,15,16;5,Evropské hospodá?ské právo v AJ (11),Cvi?ení,Q33,Mat?jková Jitka
Po,15,16;5,"Evropské hospodá?ské právo v AJ (1,13)",Cvi?ení,Q33,Mat?jková Jitka
Po,17,18;5,"Evropské hospodá?ské právo v AJ (1,13)",Cvi?ení,Q35,Mat?jková Jitka
Po,17,18;5,Evropské hospodá?ské právo v AJ (11),Cvi?ení,Q35,Mat?jková Jitka
Út,9,10;5,Obchodní právo v AJ (26),P?ednáška,Q23,Mat?jková Jitka
St,11,11;5,Obchodní právo v AJ,Cvi?ení,Q23,Mat?jková Jitka
?t,17,18;5,"Evropské hospodá?ské právo v AJ (11,21)",Cvi?ení,Q35,Mat?jková Jitka
?t,17,18;5,"Evropské hospodá?ské právo v AJ (13,21)",Cvi?ení,Q35,Mat?jková Jitka
St,15,16;5,Výpo?etní technika a algoritmizace II,Cvi?ení,Q08,Matiášová And?la
St,17,18;5,Výpo?etní technika a algoritmizace II,Cvi?ení,Q08,Matiášová And?la
?t,7,8;5,Výpo?etní technika a algoritmizace II,Cvi?ení,Q09,Matiášová And?la
Po,9,9;5,Marketing I (1),Cvi?ení,Q28,Melichar Ond?ej
Po,10,10;5,Marketing I (1),Cvi?ení,Q28,Melichar Ond?ej
St,15,15;5,Propagace a média,Cvi?ení,Q13,Melichar Ond?ej
St,16,16;5,Propagace a média,Cvi?ení,Q13,Melichar Ond?ej
?t,9,9;5,Marketing I,Cvi?ení,Q28,Melichar Ond?ej
?t,10,10;5,Marketing I,Cvi?ení,Q28,Melichar Ond?ej
?t,11,11;5,Marketing I,Cvi?ení,Q28,Melichar Ond?ej
?t,12,12;5,Marketing I,Cvi?ení,Q28,Melichar Ond?ej
Pá,11,11;5,Propagace a média (79),Cvi?ení,Q13,Melichar Ond?ej
Pá,12,12;5,Propagace a média (79),Cvi?ení,Q13,Melichar Ond?ej
Po,9,9;5,Podniková ekonomika I (1),Cvi?ení,Q41,Melicharová Alena
Po,10,10;5,Podniková ekonomika I (1),Cvi?ení,Q41,Melicharová Alena
Út,13,13;5,Podniková ekonomika I (26),Cvi?ení,Q32,Melicharová Alena
Út,14,14;5,Podniková ekonomika I (26),Cvi?ení,Q32,Melicharová Alena
Út,15,16;5,Podniková ekonomika I (26),P?ednáška,Q02,Melicharová Alena
Po,8,9;5,Pracovní právo (1),P?ednáška,Q35,Mervartová Jana
Po,10,10;5,Pracovní právo (1),Cvi?ení,Q35,Mervartová Jana
Po,15,16;5,Matematika II v AJ (1),P?ednáška,Q25,Mikulášek Karel
Po,17,18;5,Matematika II v AJ (1),Cvi?ení,Q25,Mikulášek Karel
Út,15,16;5,Matematika I v AJ (26),P?ednáška,Q25,Mikulášek Karel
Út,17,18;5,Matematika I v AJ (26),Cvi?ení,Q25,Mikulášek Karel
Po,8,8;5,Elektronický marketing (1),Cvi?ení,Q27,Mokrý Stanislav
Po,9,9;5,Elektronický marketing (1),Cvi?ení,Q27,Mokrý Stanislav
Po,10,10;5,Elektronický marketing (1),Cvi?ení,Q27,Mokrý Stanislav
St,13,14;5,Geografie cestovního ruchu,Cvi?ení,Q27,Mokrý Stanislav
St,17,18;5,Elektronický marketing,P?ednáška,Q02,Mokrý Stanislav
?t,15,16;5,Geografie cestovního ruchu,Cvi?ení,Q27,Mokrý Stanislav
?t,17,18;5,Geografie cestovního ruchu,Cvi?ení,Q27,Mokrý Stanislav
Pá,11,11;5,"Elektronický marketing (21,79)",Cvi?ení,Q27,Mokrý Stanislav
Pá,12,12;5,"Elektronický marketing (21,79)",Cvi?ení,Q27,Mokrý Stanislav
Út,11,12;5,"Internacionalizace podnik? (11,36)",Cvi?ení,Q27,Montenero Vincent
Út,11,12;5,"Internacionalizace podnik? (13,39)",Cvi?ení,Q27,Montenero Vincent
St,15,16;5,Sociologie a sociální psychologie v AJ (60),P?ednáška,Q45,Montenero Vincent
St,17,17;5,Sociologie a sociální psychologie v AJ (65),Cvi?ení,Q45,Montenero Vincent
Pá,7,9;5,"Algoritmizace (79,80)",P?ednáška,Q15,Moty?ka Arnošt
Pá,10,11;5,"Algoritmizace (79,80,88)",Cvi?ení,Q15,Moty?ka Arnošt
Út,13,14;5,"Sociální a ekonomické aplikace GIS (26,51)",Cvi?ení,Q24,Muro? Mikuláš
St,11,12;5,Základy objektového návrhu,Cvi?ení,Q08,Muro? Mikuláš
Út,15,15;5,Makroekonomie I (26),Cvi?ení,Q32,Náplava Radek
Út,16,16;5,Makroekonomie I (26),Cvi?ení,Q32,Náplava Radek
St,11,11;5,Makroekonomie I,Cvi?ení,Q22,Náplava Radek
St,12,12;5,Makroekonomie I,Cvi?ení,Q22,Náplava Radek
?t,12,12;5,Makroekonomie I,Cvi?ení,Q32,Náplava Radek
?t,15,15;5,Makroekonomie I,Cvi?ení,Q22,Náplava Radek
St,8,8;5,Elektronický marketing,Cvi?ení,Q27,Ne?as Igor
St,9,9;5,Elektronický marketing,Cvi?ení,Q27,Ne?as Igor
St,10,10;5,Elektronický marketing,Cvi?ení,Q27,Ne?as Igor
Po,13,14;5,"Základy elektrotechniky (1,25)",Cvi?ení,Q01.39,Nesvadba Jaroslav
Po,15,16;5,Základy elektrotechniky (1),Cvi?ení,Q01.39,Nesvadba Jaroslav
Po,13,14;5,Sv?tový jazyk - Francouzština 2 (1),Cvi?ení,Q01.84,Novotná Miroslava
Po,15,16;5,Sv?tový jazyk - Francouzština 2 (1),Cvi?ení,Q01.84,Novotná Miroslava
?t,13,14;5,Finan?ní management v AJ (11),Cvi?ení,Q23,Olbrecht Vojt?ch
Po,9,10;5,Um?lá inteligence I (1),Cvi?ení,Q05,Ondroušek Vít
Út,7,8;5,Um?lá inteligence I (26),Cvi?ení,Q05,Ondroušek Vít
St,9,10;5,Teorie graf?,P?ednáška,Q16,Ondroušek Vít
St,13,14;5,Um?lá inteligence I,Cvi?ení,Q05,Ondroušek Vít
Út,13,15;5,"Ú?etnictví a zdan?ní neziskových organizací (26,41)",P?ednáška,Q33,Otavová Milena
?t,15,18;5,Ú?etnictví a dan? (41),P?ednáška,Q33,Otavová Milena
Út,8,10;5,Nep?ímé dan? (26),Cvi?ení,Q16,Pant??ek Igor
Út,13,15;5,Nep?ímé dan? (26),Cvi?ení,Q22,Pant??ek Igor
?t,13,14;5,Nep?ímé dan? (4),P?ednáška,Q03,Pant??ek Igor
Út,13,14;5,Po?íta?ové sít? I (26),Cvi?ení,Q01.48,Passinger Ji?í
St,15,16;5,Po?íta?ové sít? I,Cvi?ení,Q01.48,Passinger Ji?í
St,7,8;5,Cestovní ruch v AJ,P?ednáška,Q23,Peruthová Astrida
?t,13,14;5,Cestovní ruch v AJ (13),Cvi?ení,Q32,Peruthová Astrida
Út,9,10;5,"Angli?tina 2, EI (26)",Cvi?ení,Q01.84,Pirogová Anna
Po,13,14;5,"Kancelá?ské aplikace v AJ (1,4)",P?ednáška,Q23,P?ichystal Jan
Út,7,8;5,"Opera?ní systémy (21,26)",Cvi?ení,Q47,P?ichystal Jan
Út,15,16;5,"Informatika pro ekonomy I v AJ (15,26,44)",Cvi?ení,Q24,P?ichystal Jan
St,11,12;5,"Informatika pro ekonomy I v AJ (15,44)",Cvi?ení,Q24,P?ichystal Jan
?t,9,10;5,Opera?ní systémy,Cvi?ení,Q47,P?ichystal Jan
?t,13,14;5,Opera?ní systémy,Cvi?ení,Q47,P?ichystal Jan
?t,15,16;5,IS/ICT v AJ (15),Cvi?ení,Q24,P?ichystal Jan
Pá,9,10;5,Kroužek textminingové aplikace (79),Cvi?ení,Q47,P?ichystal Jan
Út,7,9;5,Informa?ní systémy (projektování) (26),Cvi?ení,Q06,Priš?áková Zuzana
Út,15,17;5,Informa?ní systémy (projektování) (26),Cvi?ení,Q06,Priš?áková Zuzana
St,17,18;5,Excel (4),Cvi?ení,Q07,Priš?áková Zuzana
St,17,18;5,Informatika pro ekonomy I (9),Cvi?ení,Q07,Priš?áková Zuzana
Po,13,14;5,Pokro?ilá uživatelská rozhraní (1),Cvi?ení,Q12,Procházka David
Út,13,14;5,Pokro?ilá uživatelská rozhraní (26),Cvi?ení,Q12,Procházka David
Út,17,18;5,Pokro?ilá uživatelská rozhraní (26),Cvi?ení,Q12,Procházka David
?t,11,12;5,Základy objektového návrhu,P?ednáška,Q15,Procházka David
?t,13,14;5,Pokro?ilá uživatelská rozhraní,P?ednáška,Q15,Procházka David
St,7,8;5,Obchodní operace I (13),Cvi?ení,Q13,Procházková Lenka
St,7,8;5,Obchodní operace I (11),Cvi?ení,Q13,Procházková Lenka
St,9,10;5,Obchodní operace I,P?ednáška,Q01,Procházková Lenka
?t,11,12;5,Obchodní operace I (11),Cvi?ení,Q13,Procházková Lenka
?t,11,12;5,Obchodní operace I (13),Cvi?ení,Q13,Procházková Lenka
?t,7,8;5,Marketing I,P?ednáška,Q01,Procházková Martina
Po,17,18;5,"Pojiš?ovnictví I (1,13)",Cvi?ení,Q31,Ptá?ek Roman
Út,9,10;5,"Pojiš?ovnictví I (11,36)",Cvi?ení,Q42,Ptá?ek Roman
Út,9,10;5,"Pojiš?ovnictví I (13,39)",Cvi?ení,Q42,Ptá?ek Roman
Út,15,16;5,Pojiš?ovnictví I (26),P?ednáška,Q03,Ptá?ek Roman
Pá,11,12;5,Finan?ní trhy v AJ (79),Cvi?ení,Q23,Ptá?ek Roman
St,8,10;5,Ú?etní software,Cvi?ení,Q26,Ptá?ková Mísa?ová Petra
St,15,16;5,Ú?etnictví a dan? v CR (11),Cvi?ení,Q28,Ptá?ková Mísa?ová Petra
St,15,16;5,Ú?etnictví a dan? v CR (13),Cvi?ení,Q28,Ptá?ková Mísa?ová Petra
Po,9,10;5,Informa?ní systémy finan?ních institucí (1),P?ednáška,Q15,Rábová Ivana
Po,13,14;5,IS podniku (1),P?ednáška,Q16,Rábová Ivana
Út,11,12;5,Informa?ní systémy (projektování) (26),P?ednáška,Q32,Rábová Ivana
Pá,8,8;5,"Laborato? informa?ních systém? a procesního modelování (79,82)",P?ednáška,Q06,Rábová Ivana
Pá,9,10;5,"Laborato? informa?ních systém? a procesního modelování (79,82)",Cvi?ení,Q06,Rábová Ivana
St,9,10;5,Destina?ní management,P?ednáška,Q43,Rašovská Ida
St,11,12;5,Destina?ní management (11),Cvi?ení,Q27,Rašovská Ida
St,11,12;5,"Destina?ní management (13,63)",Cvi?ení,Q27,Rašovská Ida
Út,10,11;5,"Sociální analýza (26,38)",P?ednáška,Q33,Rašticová Martina
Út,16,17;5,"Kroužek aplikované psychologie a leadershipu (13,39,45)",Cvi?ení,Q6.19,Rašticová Martina
Po,11,12;5,"Matematika II (1,5)",P?ednáška,Q01,?íhová Dana
Po,13,14;5,Matematika II (1),Cvi?ení,Q42,?íhová Dana
St,9,10;5,Matematika II,Cvi?ení,Q45,?íhová Dana
St,13,14;5,Matematika II,Cvi?ení,Q42,?íhová Dana
St,15,16;5,Matematika II,Cvi?ení,Q42,?íhová Dana
?t,13,14;5,Matematika I,Cvi?ení,Q44,?íhová Dana
?t,15,16;5,Matematika I,Cvi?ení,Q44,?íhová Dana
St,11,12;5,Technická kybernetika,Cvi?ení,Q18,Rouš Robert
St,13,14;5,M??icí systémy II,Cvi?ení,Q18,Rouš Robert
Út,9,10;5,Makroekonomie II v AJ (26),P?ednáška,Q22,Rozmahel Petr
Út,11,12;5,Makroekonomie II v AJ (26),Cvi?ení,Q22,Rozmahel Petr
?t,9,10;5,Makroekonomie I v AJ,P?ednáška,Q22,Rozmahel Petr
?t,11,12;5,Makroekonomie I v AJ,Cvi?ení,Q22,Rozmahel Petr
Po,9,10;5,Informatika pro ekonomy II (1),P?ednáška,Q22,Rybi?ka Ji?í
Út,15,15;5,?ízení kolejové dopravy (26),P?ednáška,Q05,Rybi?ka Ji?í
Út,16,17;5,?ízení kolejové dopravy (26),Cvi?ení,Q05,Rybi?ka Ji?í
St,9,10;5,Programovací techniky,P?ednáška,Q15,Rybi?ka Ji?í
St,13,14;5,Programovací jazyk C++ v AJ,P?ednáška,Q12,Rybi?ka Ji?í
St,15,16;5,Programovací jazyk C++ v AJ,Cvi?ení,Q12,Rybi?ka Ji?í
?t,11,12;5,Informatika pro ekonomy II (21),Cvi?ení,Q06,Rybi?ka Ji?í
?t,17,18;5,"Zpracování text? na po?íta?i (43,70)",P?ednáška,Q03,Rybi?ka Ji?í
Pá,13,14;5,Bakalá?ský seminá? IS/ICT (79),P?ednáška,Q05,Rybi?ka Ji?í
Út,9,10;5,Cestovní ruch (26),P?ednáška,Q15,Ryglová Kate?ina
?t,11,12;5,Cestovní ruch (11),Cvi?ení,Q27,Ryglová Kate?ina
?t,11,12;5,Cestovní ruch (13),Cvi?ení,Q27,Ryglová Kate?ina
?t,13,14;5,Cestovní ruch (11),Cvi?ení,Q27,Ryglová Kate?ina
St,9,10;5,Matematika I,Cvi?ení,Q42,Šácha Jakub
St,11,12;5,Matematika I,Cvi?ení,Q42,Šácha Jakub
St,13,14;5,Opera?ní výzkum,Cvi?ení,Q34,Šácha Jakub
?t,9,10;5,Opera?ní výzkum,Cvi?ení,Q34,Šácha Jakub
?t,11,12;5,Opera?ní výzkum,P?ednáška,Q01,Šácha Jakub
Po,15,16;5,Obchodní právo (1),P?ednáška,Q01,Salachová Bohumila
Po,17,18;5,Obchodní právo (11),Cvi?ení,Q33,Salachová Bohumila
Po,17,18;5,"Obchodní právo (1,13)",Cvi?ení,Q33,Salachová Bohumila
Út,7,8;5,"Obchodní právo (11,36)",Cvi?ení,Q48,Salachová Bohumila
Út,7,8;5,"Obchodní právo (13,39)",Cvi?ení,Q48,Salachová Bohumila
Út,9,10;5,"Obchodní právo (13,39)",Cvi?ení,Q48,Salachová Bohumila
Út,9,10;5,"Obchodní právo (11,36)",Cvi?ení,Q48,Salachová Bohumila
Út,15,16;5,"Obchodní právo (13,39)",Cvi?ení,Q35,Salachová Bohumila
Út,15,16;5,"Obchodní právo (11,36)",Cvi?ení,Q35,Salachová Bohumila
St,11,12;5,Obchodní právo (13),Cvi?ení,Q35,Salachová Bohumila
St,11,12;5,Obchodní právo (11),Cvi?ení,Q35,Salachová Bohumila
?t,9,10;5,Obchodní právo (11),Cvi?ení,Q15,Salachová Bohumila
?t,9,10;5,Obchodní právo (13),Cvi?ení,Q15,Salachová Bohumila
Po,12,12;5,Finan?ní ú?etnictví I v AJ (1),Cvi?ení,Q25,Semerád Pavel
Po,13,14;5,Finan?ní ú?etnictví I v AJ (1),P?ednáška,Q25,Semerád Pavel
Pá,9,10;5,"Ú?etnictví a dan? (79,93)",Cvi?ení,Q28,Semerád Pavel
Pá,11,12;5,"Ú?etnictví a dan? (79,93)",Cvi?ení,Q28,Semerád Pavel
Po,9,10;5,Podnikové finance (1),Cvi?ení,Q44,Ševela Marcel
Po,13,14;5,Podnikové finance (1),Cvi?ení,Q44,Ševela Marcel
Po,15,16;5,Podnikové finance (1),Cvi?ení,Q44,Ševela Marcel
Po,17,18;5,"Podnikové finance (1,23)",Cvi?ení,Q44,Ševela Marcel
Út,7,8;5,"Podnikové finance (21,26)",Cvi?ení,Q44,Ševela Marcel
Út,9,10;5,Podnikové finance (26),Cvi?ení,Q44,Ševela Marcel
Út,11,12;5,Podnikové finance (26),Cvi?ení,Q41,Ševela Marcel
?t,7,8;5,Podnikové finance (21),Cvi?ení,Q44,Ševela Marcel
?t,7,8;5,Sv?tový jazyk - Ruština 2,Cvi?ení,Q01.84,Shchavruk Marina
?t,9,10;5,Sv?tový jazyk - Ruština 2,Cvi?ení,Q01.84,Shchavruk Marina
?t,11,12;5,Sv?tový jazyk - Ruština 2,Cvi?ení,Q01.84,Shchavruk Marina
?t,13,14;5,Sv?tový jazyk - Ruština 2,Cvi?ení,Q01.84,Shchavruk Marina
Po,13,14;5,"Finan?ní trhy (1,13)",Cvi?ení,Q31,Šir??ek Martin
Po,13,14;5,Finan?ní trhy (11),Cvi?ení,Q31,Šir??ek Martin
Út,11,12;5,Investi?ní zám?ry a inova?ní management (26),P?ednáška,Q03,Šir??ek Martin
Út,13,14;5,"Finan?ní trhy (11,36)",Cvi?ení,Q31,Šir??ek Martin
Út,13,14;5,"Finan?ní trhy (13,39)",Cvi?ení,Q31,Šir??ek Martin
Út,17,18;5,"Finan?ní trhy (26,27)",P?ednáška,Q01,Šir??ek Martin
St,13,14;5,Finan?ní trhy (11),Cvi?ení,Q31,Šir??ek Martin
St,13,14;5,Finan?ní trhy (13),Cvi?ení,Q31,Šir??ek Martin
St,15,16;5,Finan?ní trhy (27),P?ednáška,Q02,Šir??ek Martin
St,17,18;5,Finan?ní trhy (13),Cvi?ení,Q38,Šir??ek Martin
St,17,18;5,Finan?ní trhy (11),Cvi?ení,Q38,Šir??ek Martin
?t,7,8;5,Finan?ní trhy (13),Cvi?ení,Q31,Šir??ek Martin
?t,7,8;5,Finan?ní trhy (11),Cvi?ení,Q31,Šir??ek Martin
?t,9,10;5,Finan?ní trhy (11),Cvi?ení,Q31,Šir??ek Martin
?t,9,10;5,Finan?ní trhy (13),Cvi?ení,Q31,Šir??ek Martin
?t,11,12;5,Finan?ní trhy (11),Cvi?ení,Q48,Šir??ek Martin
?t,11,12;5,Investi?ní zám?ry a inova?ní management (11),Cvi?ení,Q31,Šir??ek Martin
?t,11,12;5,Investi?ní zám?ry a inova?ní management (13),Cvi?ení,Q31,Šir??ek Martin
?t,15,16;5,Finan?ní trhy v AJ,P?ednáška,Q32,Šir??ek Martin
St,11,12;5,Projektový management (11),Cvi?ení,Q25,Skýpalová Renata
St,11,12;5,"Projektový management (13,21)",Cvi?ení,Q25,Skýpalová Renata
St,11,12;5,Technická kybernetika,Cvi?ení,Q11,Slaný Vlastimil
St,13,14;5,M??icí systémy II,Cvi?ení,Q11,Slaný Vlastimil
St,12,14;5,Ú?etní software,Cvi?ení,Q26,Solilová Veronika
St,11,12;5,Podnikové finance,P?ednáška,Q01,Špirková Daniela
?t,15,16;5,Finan?ní analýza podniku (69),P?ednáška,Q16,Špirková Daniela
?t,15,16;5,Podnikové finance v AJ,Cvi?ení,Q25,Špirková Daniela
Pá,7,8;5,Podnikové finance v AJ (79),P?ednáška,Q43,Špirková Daniela
Pá,13,14;5,Podnikové finance v AJ (79),Cvi?ení,Q25,Špirková Daniela
Út,9,10;5,Ekonometrie I (26),Cvi?ení,Q37,Sta?ková Michaela
Út,13,14;5,Ekonometrie I (26),Cvi?ení,Q36,Sta?ková Michaela
Út,15,16;5,Ekonometrie I (26),Cvi?ení,Q36,Sta?ková Michaela
Po,15,16;5,Bakalá?ská práce Kybernetika (11),Cvi?ení,Q41,Š?astný Ji?í
Po,17,18;5,"Praxe vývojových technik Kybernetika (11,12)",P?ednáška,Q41,Š?astný Ji?í
St,15,16;5,"Praxe vývojových technik Kybernetika (21,24)",Cvi?ení,Q11,Š?astný Ji?í
Út,17,18;5,Podnikové finance (26),Cvi?ení,Q41,Št?pánková Jana
St,17,18;5,Podnikové finance,Cvi?ení,Q42,Št?pánková Jana
Po,9,10;5,Personalistika v AJ (1),P?ednáška,Q23,Stojanová Hana
Po,11,11;5,Personalistika v AJ (1),Cvi?ení,Q23,Stojanová Hana
Út,11,11;5,Marketing I (26),Cvi?ení,Q28,Stojarová Šárka
Út,12,12;5,Marketing I (26),Cvi?ení,Q28,Stojarová Šárka
Út,13,14;5,Historie a kultura v cestovním ruchu (26),P?ednáška,Q13,Stojarová Šárka
Po,13,14;5,Politologie (1),P?ednáška,Q38,Strej?ek Petr
Po,15,16;5,Politologie (11),Cvi?ení,Q38,Strej?ek Petr
St,13,14;5,Financování regionálního rozvoje (53),P?ednáška,Q22,Strej?ek Petr
Po,13,14;5,Ekonometrie I (1),Cvi?ení,Q36,St?elec Luboš
Po,15,16;5,Ekonometrie I (1),Cvi?ení,Q36,St?elec Luboš
Út,11,12;5,Ekonometrie I (4),P?ednáška,Q01,St?elec Luboš
St,17,18;5,Základy objektového návrhu,Cvi?ení,Q06,Švehla Ond?ej
Po,9,10;5,"Ú?etnictví a dan? v CR (1,20)",P?ednáška,Q33,Svoboda Patrik
Út,9,10;5,Mezinárodní ú?etní standardy (26),P?ednáška,Q43,Svoboda Patrik
St,13,14;5,Mezinárodní ú?etní standardy,Cvi?ení,Q28,Svoboda Patrik
Út,9,10;5,Podniková ekonomika II (26),Cvi?ení,Q41,Syrovátka Pavel
Út,13,14;5,"Podniková ekonomika II (21,26)",Cvi?ení,Q38,Syrovátka Pavel
Út,15,16;5,Podniková ekonomika II (26),Cvi?ení,Q38,Syrovátka Pavel
St,7,8;5,Podniková ekonomika II,P?ednáška,Q02,Syrovátka Pavel
Po,15,16;5,"Bankovnictví I (1,13)",Cvi?ení,Q31,Toman Petr
Po,15,16;5,Bankovnictví I (11),Cvi?ení,Q31,Toman Petr
Út,11,12;5,"Finan?ní trhy (13,39)",Cvi?ení,Q31,Toman Petr
Út,11,12;5,"Finan?ní trhy (11,36)",Cvi?ení,Q31,Toman Petr
?t,11,12;5,Finan?ní trhy (13),Cvi?ení,Q48,Toman Petr
?t,17,18;5,Financování regionálního rozvoje,Cvi?ení,Q05,Toman Petr
Pá,7,8;5,"Finan?ní trhy (11,79)",Cvi?ení,Q31,Toman Petr
Pá,7,8;5,Finan?ní trhy (13),Cvi?ení,Q31,Toman Petr
Pá,9,10;5,Finan?ní trhy (13),Cvi?ení,Q31,Toman Petr
Pá,9,10;5,"Finan?ní trhy (11,79)",Cvi?ení,Q31,Toman Petr
Pá,11,12;5,"Finan?ní trhy (11,79)",Cvi?ení,Q31,Toman Petr
Pá,11,12;5,Finan?ní trhy (13),Cvi?ení,Q31,Toman Petr
Út,13,14;5,IS podniku (26),Cvi?ení,Q06,Trenz Old?ich
St,9,10;5,IS podniku,Cvi?ení,Q06,Trenz Old?ich
St,11,12;5,IS podniku,Cvi?ení,Q06,Trenz Old?ich
St,13,14;5,IS podniku,Cvi?ení,Q06,Trenz Old?ich
?t,10,12;5,Softwarové inženýrství II,Cvi?ení,Q12,Trenz Old?ich
?t,11,12;5,Um?lá inteligence I (73),P?ednáška,Q16,Trenz Old?ich
Út,11,12;5,Výpo?etní technika a algoritmizace II (26),Cvi?ení,Q08,T?ináctý Ji?í
Pá,7,8;5,Výpo?etní technika a algoritmizace II (79),Cvi?ení,Q07,T?ináctý Ji?í
Pá,9,10;5,Výpo?etní technika a algoritmizace II (79),Cvi?ení,Q07,T?ináctý Ji?í
Pá,11,12;5,Výpo?etní technika a algoritmizace II (79),Cvi?ení,Q07,T?ináctý Ji?í
?t,11,14;5,Správa daní,P?ednáška,Q33,Truba? Ond?ej
Po,15,16;5,"Excel (1,4)",Cvi?ení,Q07,Tur?ínek Jan
Po,15,16;5,Informatika pro ekonomy I (9),Cvi?ení,Q07,Tur?ínek Jan
Po,17,18;5,Výpo?etní technika a algoritmizace II (1),Cvi?ení,Q08,Tur?ínek Jan
Út,7,8;5,Excel (4),Cvi?ení,Q07,Tur?ínek Jan
Út,7,8;5,"Informatika pro ekonomy I (9,26)",Cvi?ení,Q07,Tur?ínek Jan
Út,11,12;5,Excel (4),Cvi?ení,Q05,Tur?ínek Jan
Út,11,12;5,"Informatika pro ekonomy I (9,26)",Cvi?ení,Q05,Tur?ínek Jan
Út,15,16;5,Výpo?etní technika a algoritmizace II (26),P?ednáška,Q01,Tur?ínek Jan
St,7,8;5,Excel (4),Cvi?ení,Q08,Tur?ínek Jan
St,7,8;5,Informatika pro ekonomy I (9),Cvi?ení,Q08,Tur?ínek Jan
St,9,10;5,Výpo?etní technika a algoritmizace II,Cvi?ení,Q47,Tur?ínek Jan
?t,11,12;5,Výpo?etní technika a algoritmizace II,Cvi?ení,Q24,Tur?ínek Jan
?t,13,14;5,Výpo?etní technika a algoritmizace II,Cvi?ení,Q06,Tur?ínek Jan
?t,15,17;5,Databázové systémy I,Cvi?ení,Q08,Tur?ínek Jan
Pá,10,11;5,"Algoritmizace (79,87)",Cvi?ení,Q04,Tur?ínek Jan
Pá,12,15;5,Bakalá?ský seminá? (79),Cvi?ení,Q06,Tur?ínek Jan
Po,9,10;5,"Databázové systémy I (1,2)",P?ednáška,Q03,Tur?ínek Pavel
Po,11,12;5,Výpo?etní technika a algoritmizace II (1),Cvi?ení,Q08,Tur?ínek Pavel
Po,15,16;5,Výpo?etní technika a algoritmizace II (1),Cvi?ení,Q08,Tur?ínek Pavel
Út,7,8;5,Výpo?etní technika a algoritmizace II (26),Cvi?ení,Q08,Tur?ínek Pavel
Út,13,15;5,Databázové systémy I (26),Cvi?ení,Q08,Tur?ínek Pavel
St,7,8;5,Výpo?etní technika a algoritmizace II,Cvi?ení,Q47,Tur?ínek Pavel
?t,7,9;5,Databázové systémy I,Cvi?ení,Q08,Tur?ínek Pavel
?t,10,12;5,Databázové systémy I,Cvi?ení,Q08,Tur?ínek Pavel
Po,11,12;5,Mediální strategie (1),Cvi?ení,Q27,Tur?ínková Jana
Út,9,10;5,Mediální strategie (26),Cvi?ení,Q27,Tur?ínková Jana
Út,11,12;5,Mediální strategie (26),P?ednáška,Q43,Tur?ínková Jana
Út,15,16;5,Budování zna?ky (26),P?ednáška,Q13,Tur?ínková Jana
St,9,10;5,Propagace a média,P?ednáška,Q03,Tur?ínková Jana
St,11,12;5,Budování zna?ky,Cvi?ení,Q13,Tur?ínková Jana
?t,9,10;5,Mediální strategie,Cvi?ení,Q27,Tur?ínková Jana
?t,13,14;5,Budování zna?ky,Cvi?ení,Q13,Tur?ínková Jana
Út,13,14;5,Zbožíznalství (26),P?ednáška,Q43,Tuzová Marcela
Út,17,18;5,"Zbožíznalství (11,36)",Cvi?ení,Q28,Tuzová Marcela
Pá,9,10;5,"?ízení dodavatelsko-odb?ratelských vztah? (13,92)",Cvi?ení,Q13,Tuzová Marcela
Pá,9,10;5,"?ízení dodavatelsko-odb?ratelských vztah? (11,79)",Cvi?ení,Q13,Tuzová Marcela
Pá,11,12;5,Zbožíznalství (13),Cvi?ení,Q48,Tuzová Marcela
Pá,11,12;5,"Zbožíznalství (11,79)",Cvi?ení,Q48,Tuzová Marcela
?t,11,12;5,Personalistika (11),Cvi?ení,Q14,Urbánková Hana
?t,11,12;5,Personalistika (13),Cvi?ení,Q14,Urbánková Hana
?t,13,14;5,Personalistika (13),Cvi?ení,Q14,Urbánková Hana
?t,13,14;5,Personalistika (11),Cvi?ení,Q14,Urbánková Hana
Po,11,12;5,Ekonomika podnikových proces? (1),P?ednáška,Q32,Vav?ina Jan
Po,15,16;5,Controlling (1),P?ednáška,Q03,Vav?ina Jan
?t,9,10;5,Ekonomika podnikových proces? (11),Cvi?ení,Q41,Vav?ina Jan
?t,9,10;5,Ekonomika podnikových proces? (13),Cvi?ení,Q41,Vav?ina Jan
?t,11,12;5,Controlling (11),Cvi?ení,Q38,Vav?ina Jan
?t,13,14;5,Controlling (11),Cvi?ení,Q41,Vav?ina Jan
?t,13,14;5,Controlling (13),Cvi?ení,Q41,Vav?ina Jan
Pá,11,12;5,Projektový management (13),Cvi?ení,Q14,Vencourová Monika
Pá,11,12;5,"Projektový management (11,79)",Cvi?ení,Q14,Vencourová Monika
Pá,13,14;5,"Projektový management (11,79)",Cvi?ení,Q14,Vencourová Monika
Pá,13,14;5,Projektový management (13),Cvi?ení,Q14,Vencourová Monika
Po,9,10;5,?ízení dodavatelsko-odb?ratelských vztah? (11),Cvi?ení,Q13,Veselá Lucie
Po,13,14;5,?ízení dodavatelsko-odb?ratelských vztah? (11),Cvi?ení,Q13,Veselá Lucie
Po,13,14;5,"?ízení dodavatelsko-odb?ratelských vztah? (1,13)",Cvi?ení,Q13,Veselá Lucie
Út,9,10;5,Matematika II (26),Cvi?ení,Q38,Viskotová Lenka
St,7,8;5,Matematika I,Cvi?ení,Q31,Viskotová Lenka
St,9,10;5,Matematika I,Cvi?ení,Q31,Viskotová Lenka
?t,9,10;5,Matematika I,P?ednáška,Q03,Viskotová Lenka
?t,11,12;5,Matematika II,Cvi?ení,Q42,Viskotová Lenka
St,13,14;5,Základy práva I (13),Cvi?ení,Q48,Vítek Bohumil
St,13,14;5,Základy práva I (11),Cvi?ení,Q48,Vítek Bohumil
St,15,16;5,Územní plánování a stavební ?ízení,P?ednáška,Q48,Vítek Bohumil
St,17,17;5,Územní plánování a stavební ?ízení,Cvi?ení,Q48,Vítek Bohumil
?t,13,14;5,Smluvní vztahy v podnikání,P?ednáška,Q35,Vítek Bohumil
?t,15,15;5,Smluvní vztahy v podnikání,Cvi?ení,Q35,Vítek Bohumil
Po,11,12;5,Obchodní operace I (11),Cvi?ení,Q13,Záboj Marek
Po,11,12;5,"Obchodní operace I (1,13)",Cvi?ení,Q13,Záboj Marek
Út,7,8;5,"Obchodní operace I (13,39)",Cvi?ení,Q13,Záboj Marek
Út,7,8;5,"Obchodní operace I (11,36)",Cvi?ení,Q13,Záboj Marek
?t,9,10;5,Obchodní operace I v AJ,P?ednáška,Q43,Záboj Marek
?t,11,12;5,Obchodní operace I v AJ (11),Cvi?ení,Q41,Záboj Marek
?t,11,12;5,Obchodní operace I v AJ (13),Cvi?ení,Q41,Záboj Marek
Út,11,12;5,"Angli?tina 2, EI (26)",Cvi?ení,Q01.84,Žákovská Iveta
Út,15,16;5,"Angli?tina 2, EI (26)",Cvi?ení,Q44,Žákovská Iveta
St,9,10;5,Obchodní jazyk - angli?tina,Cvi?ení,Q38,Žákovská Iveta
St,11,12;5,Obchodní jazyk - angli?tina,Cvi?ení,Q38,Žákovská Iveta
Pá,13,14;5,Obchodní jazyk - angli?tina (79),Cvi?ení,Q01.84,Žákovská Iveta
Po,17,18;5,Právo EU (1),P?ednáška,Q16,Zapletalová Dana
Po,15,16;5,Manažerská psychologie v AJ (1),P?ednáška,Q23,Žiaran Pavel
Po,17,17;5,Manažerská psychologie v AJ (1),Cvi?ení,Q23,Žiaran Pavel
Út,7,8;5,"Manažerská psychologie (11,36)",Cvi?ení,Q35,Žiaran Pavel
Út,7,8;5,"Manažerská psychologie (13,39)",Cvi?ení,Q35,Žiaran Pavel
Út,13,14;5,Manažerská psychologie (26),P?ednáška,Q03,Žiaran Pavel
?t,11,12;5,Manažerská psychologie (13),Cvi?ení,Q35,Žiaran Pavel
?t,11,12;5,Manažerská psychologie (11),Cvi?ení,Q35,Žiaran Pavel
Po,17,18;5,Informa?ní systémy pro rozhodování (1),P?ednáška,Q15,Žižka Jan
St,11,12;5,Um?lá inteligence II v AJ,P?ednáška,Q47,Žižka Jan
?t,15,16;5,Um?lá inteligence II v AJ,Cvi?ení,Q47,Žižka Jan
Po,15,16;5,"Krizový management (1,8)",P?ednáška,Q43,Zr?st Josef
Po,17,18;5,Krizový management (11),Cvi?ení,Q43,Zr?st Josef
Po,17,18;5,"Krizový management (1,13)",Cvi?ení,Q43,Zr?st Josef
?t,9,10;5,Opera?ní management,P?ednáška,Q02,Žufan Pavel
?t,15,16;5,Opera?ní management v AJ,P?ednáška,Q23,Žufan Pavel
