Po,8,8.5,Elektronický marketing (1),Cvi?ení,Q27,Mokrý Stanislav,,24
Po,8,9.5,Pracovní právo (1),P?ednáška,Q35,Mervartová Jana,,30
Po,9,10.5,"Databázové systémy I (1,2)",P?ednáška,Q03,Tur?ínek Pavel,,170
Po,9,10.5,"Diplomní seminá? (1,3,4)",P?ednáška,Q01,Farana Radim,,361
Po,9,10.5,Informa?ní systémy finan?ních institucí (1),P?ednáška,Q15,Rábová Ivana,,60
Po,9,10.5,Informatika pro ekonomy I (9),P?ednáška,Q01,?a?ková Petra,,700
Po,9,10.5,Informatika pro ekonomy II (1),P?ednáška,Q22,Rybi?ka Ji?í,,70
Po,9,10.5,"Integrovaný management (1,14)",P?ednáška,Q43,Chládková Helena,,64
Po,9,10.5,"Marketing II v AJ (1,17,18)",P?ednáška,Q38,Hazuchová Na?a,,48
Po,9,10.5,"Mobilní aplikace v AJ (1,16)",P?ednáška,Q12,Landa Jaromír,,19
Po,9,10.5,Personalistika v AJ (1),P?ednáška,Q23,Stojanová Hana,,51
Po,9,10.5,"Ú?etnictví a dan? v CR (1,20)",P?ednáška,Q33,Svoboda Patrik,,48
Po,9,10.5,"Ú?etní software (1,4)",P?ednáška,Q02,Grásgruber Miloš,,170
Po,9,9.5,Elektronický marketing (1),Cvi?ení,Q27,Mokrý Stanislav,,24
Po,9,9.5,Hospodá?ská politika I (1),Cvi?ení,Q48,Franc Aleš,,30
Po,9,9.5,Makroekonomie I (1),Cvi?ení,Q32,Mádr Michal,,30
Po,9,9.5,Marketing I (1),Cvi?ení,Q28,Melichar Ond?ej,,24
Po,9,10.5,Matematika I (1),Cvi?ení,Q31,Blašková Veronika,,25
Po,9,10.5,Obchodní jazyk - angli?tina (1),Cvi?ení,Q01.84,Lahodová Marie,,25
Po,9,10.5,Opera?ní výzkum (1),Cvi?ení,Q36,?ampulová Martina,,24
Po,9,9.5,Podniková ekonomika I (1),Cvi?ení,Q41,Melicharová Alena,,30
Po,9,10.5,Podnikové finance (1),Cvi?ení,Q44,Ševela Marcel,,30
Po,9,10.5,?ízení dodavatelsko-odb?ratelských vztah? (11),Cvi?ení,Q13,Veselá Lucie,,30
Po,9,10.5,Um?lá inteligence I (1),Cvi?ení,Q05,Ondroušek Vít,,22
Po,9,10.5,Zpracování text? na po?íta?i (1),Cvi?ení,Q06,Haluza Pavel,,22
Po,10,10.5,"IS/ICT v AJ (1,15)",P?ednáška,Q16,Da?ena František,,80
Po,10,10.5,Elektronický marketing (1),Cvi?ení,Q27,Mokrý Stanislav,,24
Po,10,10.5,Hospodá?ská politika I (1),Cvi?ení,Q48,Franc Aleš,,30
Po,10,10.5,Makroekonomie I (1),Cvi?ení,Q32,Mádr Michal,,30
Po,10,10.5,Marketing I (1),Cvi?ení,Q28,Melichar Ond?ej,,24
Po,10,10.5,Podniková ekonomika I (1),Cvi?ení,Q41,Melicharová Alena,1b-(ei31|1-3),30
Po,10,10.5,Pracovní právo (1),Cvi?ení,Q35,Mervartová Jana,,30
Po,11,12.5,Ekonomika podnikových proces? (1),P?ednáška,Q32,Vav?ina Jan,,48
Po,11,12.5,"Matematika II (1,5)",P?ednáška,Q01,?íhová Dana,,722
Po,11,12.5,Matematika II (1),P?ednáška,Q01,Hampel David,,
Po,11,12.5,"Softwarové inženýrství II (10,11)",P?ednáška,Q16,Kolomazník Jan,,80
Po,11,12.5,Teoretické základy informatiky (1),P?ednáška,Q22,Haluza Pavel,1b-(ei31|ii|si|2),25
Po,11,12.5,"Excel (1,4)",Cvi?ení,Q05,?a?ková Petra,,22
Po,11,12.5,"Excel (1,4)",Cvi?ení,Q06,Bresti?ová Ludmila,,22
Po,11,11.5,Personalistika v AJ (1),Cvi?ení,Q23,Stojanová Hana,,51
Po,11,12.5,Informatika pro ekonomy I (9),Cvi?ení,Q05,?a?ková Petra,,23
Po,11,12.5,Informatika pro ekonomy I (9),Cvi?ení,Q06,Bresti?ová Ludmila,,23
Po,11,12.5,Makroekonomická analýza (1),Cvi?ení,Q26,Litzman Marek,,30
Po,11,12.5,"Marketing II v AJ (1,13,17)",Cvi?ení,Q38,Hazuchová Na?a,,48
Po,11,12.5,Matematika I (1),Cvi?ení,Q31,Blašková Veronika,"1b-(me32|1,2)",25
Po,11,12.5,Mediální strategie (1),Cvi?ení,Q27,Tur?ínková Jana,,24
Po,11,12.5,"Mezinárodní finance (1,22)",Cvi?ení,Q34,Koráb Petr,,24
Po,11,12.5,Mezinárodní ú?etní standardy (1),Cvi?ení,Q28,Habanec Petr,,30
Po,11,12.5,"Mobilní aplikace v AJ (1,16)",Cvi?ení,Q12,Landa Jaromír,,19
Po,11,12.5,Obchodní jazyk - angli?tina (1),Cvi?ení,Q44,Lahodová Marie,,25
Po,11,12.5,Obchodní operace I (11),Cvi?ení,Q13,Záboj Marek,,30
Po,11,12.5,"Obchodní operace I (1,13)",Cvi?ení,Q13,Záboj Marek,,30
Po,11,12.5,"Opera?ní management (1,13)",Cvi?ení,Q14,Ku?erová Renata,,30
Po,11,12.5,Opera?ní management (11),Cvi?ení,Q14,Ku?erová Renata,,30
Po,11,12.5,Opera?ní systémy (1),Cvi?ení,Q47,Kunderová Ludmila,,20
Po,11,12.5,Opera?ní výzkum (1),Cvi?ení,Q36,?ampulová Martina,,25
Po,11,12.5,Sv?tový jazyk - Špan?lština 2 (1),Cvi?ení,Q01.84,Kocmánková Markéta,,22
Po,11,12.5,Výpo?etní technika a algoritmizace II (1),Cvi?ení,Q08,Tur?ínek Pavel,,22
Po,11,12.5,Výpo?etní technika a algoritmizace II v AJ (1),Cvi?ení,Q24,Da?ena František,,24
Po,12,12.5,Finan?ní ú?etnictví I v AJ (1),Cvi?ení,Q25,Semerád Pavel,,34
Po,13,14.5,Finan?ní ú?etnictví I v AJ (1),P?ednáška,Q25,Semerád Pavel,,34
Po,13,14.5,Hospodá?ská politika I (1),P?ednáška,Q03,Franc Aleš,,170
Po,13,14.5,IS podniku (1),P?ednáška,Q16,Rábová Ivana,,80
Po,13,14.5,"Kancelá?ské aplikace v AJ (1,4)",P?ednáška,Q23,P?ichystal Jan,,48
Po,13,14.5,Mikroekonomie I (1),P?ednáška,Q02,Fuchs Kamil,,120
Po,13,14.5,Politologie (1),P?ednáška,Q38,Strej?ek Petr,,30
Po,13,14.5,"Výpo?etní technika a algoritmizace I v AJ (11,16)",P?ednáška,Q15,Landa Jaromír,,48
Po,13,14.5,Vývoj ekonomického myšlení (1),P?ednáška,Q01,Kouba Lud?k,,361
Po,13,14.5,Ekonometrie I (1),Cvi?ení,Q36,St?elec Luboš,,20
Po,13,14.5,"Finan?ní trhy (1,13)",Cvi?ení,Q31,Šir??ek Martin,,30
Po,13,14.5,Finan?ní trhy (11),Cvi?ení,Q31,Šir??ek Martin,,30
Po,13,14.5,Informatika pro ekonomy II (1),Cvi?ení,Q05,Haluza Pavel,,23
Po,13,13.5,Makroekonomie I (1),Cvi?ení,Q32,Mádr Michal,1b-me31,30
Po,13,14.5,Matematika II (1),Cvi?ení,Q42,?íhová Dana,,25
Po,13,14.5,Obchodní jazyk - angli?tina (1),Cvi?ení,Q46,Lahodová Marie,,25
Po,13,14.5,Opera?ní systémy (1),Cvi?ení,Q47,Kunderová Ludmila,,20
Po,13,14.5,"Po?íta?ová grafika I (1,15)",Cvi?ení,Q09,Chalupová Nad?žda,,20
Po,13,14.5,Podnikové finance (1),Cvi?ení,Q44,Ševela Marcel,,30
Po,13,14.5,Pokro?ilá uživatelská rozhraní (1),Cvi?ení,Q12,Procházka David,,19
Po,13,14.5,Praxe vývojových technik (1),Cvi?ení,Q07,Da?ena František,,40
Po,13,14.5,Praxe vývojových technik (1),Cvi?ení,Q07,Da?ena František,,20
Po,13,14.5,"Praxe vývojových technik Kybernetika (1,24)",Cvi?ení,Q11,Kolomazník Jan,,25
Po,13,14.5,?ízení dodavatelsko-odb?ratelských vztah? (11),Cvi?ení,Q13,Veselá Lucie,,30
Po,13,14.5,"?ízení dodavatelsko-odb?ratelských vztah? (1,13)",Cvi?ení,Q13,Veselá Lucie,,30
Po,13,14.5,Sv?tový jazyk - Francouzština 2 (1),Cvi?ení,Q01.84,Novotná Miroslava,,22
Po,13,14.5,Sv?tový jazyk - N?m?ina 2 (1),Cvi?ení,Q28,Dyková So?a,,23
Po,13,14.5,"Základy elektrotechniky (1,25)",Cvi?ení,Q01.39,Nesvadba Jaroslav,,10
Po,14,14.5,Makroekonomie I (1),Cvi?ení,Q32,Mádr Michal,,30
Po,15,16.5,Aplikované statistické metody (1),P?ednáška,Q22,Adamec Václav,,60
Po,15,16.5,Controlling (1),P?ednáška,Q03,Vav?ina Jan,,170
Po,15,16.5,"Inovace pro informatiky (1,7)",P?ednáška,Q16,Kunderová Ludmila,,80
Po,15,16.5,"Krizový management (1,8)",P?ednáška,Q43,Zr?st Josef,,64
Po,15,16.5,Manažerská psychologie v AJ (1),P?ednáška,Q23,Žiaran Pavel,,51
Po,15,16.5,Matematika II v AJ (1),P?ednáška,Q25,Mikulášek Karel,,30
Po,15,16.5,Obchodní právo (1),P?ednáška,Q01,Salachová Bohumila,,361
Po,15,16.5,Praxe vývojových technik (1),P?ednáška,Q15,Da?ena František,,60
Po,15,15.5,"Softwarové inženýrství II v AJ (1,19)",P?ednáška,Q47,Faldík Old?ich,,20
Po,15,16.5,Vývoj ekonomického myšlení v AJ (1),P?ednáška,Q45,Kouba Lud?k,,40
Po,15,16.5,Bakalá?ská práce Kybernetika (11),Cvi?ení,Q41,Š?astný Ji?í,,22
Po,15,16.5,"Bankovnictví I (1,13)",Cvi?ení,Q31,Toman Petr,,30
Po,15,16.5,Bankovnictví I (11),Cvi?ení,Q31,Toman Petr,,30
Po,15,16.5,Ekonometrie I (1),Cvi?ení,Q36,St?elec Luboš,,20
Po,15,16.5,Evropské hospodá?ské právo v AJ (11),Cvi?ení,Q33,Mat?jková Jitka,,25
Po,15,16.5,"Evropské hospodá?ské právo v AJ (1,13)",Cvi?ení,Q33,Mat?jková Jitka,,25
Po,15,16.5,"Excel (1,4)",Cvi?ení,Q06,Bresti?ová Ludmila,,22
Po,15,16.5,"Excel (1,4)",Cvi?ení,Q07,Tur?ínek Jan,,22
Po,15,16.5,Informatika pro ekonomy I (9),Cvi?ení,Q06,Bresti?ová Ludmila,,23
Po,15,16.5,Informatika pro ekonomy I (9),Cvi?ení,Q07,Tur?ínek Jan,,23
Po,15,16.5,Makroekonomie II (1),Cvi?ení,Q32,Litzman Marek,,30
Po,15,16.5,"Mezinárodní finance (1,22)",Cvi?ení,Q34,Koráb Petr,,24
Po,15,16.5,Obchodní jazyk - angli?tina (1),Cvi?ení,Q46,Klapilová Jana,,25
Po,15,16.5,Opera?ní management (11),Cvi?ení,Q14,Ku?erová Renata,,30
Po,15,16.5,"Opera?ní management (1,13)",Cvi?ení,Q14,Janiš Vít,,30
Po,15,16.5,"Po?íta?ová grafika I (1,15)",Cvi?ení,Q09,Chalupová Nad?žda,,20
Po,15,16.5,Podnikové finance (1),Cvi?ení,Q44,Ševela Marcel,,30
Po,15,16.5,Politologie (11),Cvi?ení,Q38,Strej?ek Petr,,30
Po,15,16.5,Sv?tový jazyk - Francouzština 2 (1),Cvi?ení,Q01.84,Novotná Miroslava,,22
Po,15,16.5,Sv?tový jazyk - N?m?ina 2 (1),Cvi?ení,Q28,Dyková So?a,,23
Po,15,16.5,Výpo?etní technika a algoritmizace II (1),Cvi?ení,Q08,Tur?ínek Pavel,,22
Po,15,16.5,Základy elektrotechniky (1),Cvi?ení,Q01.39,Nesvadba Jaroslav,,10
Po,15,16.5,Základy elektrotechniky (1),Cvi?ení,Q01.43,Hor?ák Jan,,10
Po,15,16.5,Základy práva I (11),Cvi?ení,Q35,Kelblová Hana,1b-(me31|1-3),28
Po,15,16.5,"Základy práva I (1,13)",Cvi?ení,Q35,Kelblová Hana,1b-(me32|1-3),28
Po,15,16.5,Zpracování text? na po?íta?i (1),Cvi?ení,Q05,Haluza Pavel,,22
Po,16,18.5,Softwarové inženýrství II v AJ (1),Cvi?ení,Q47,Faldík Old?ich,,20
Po,17,18.5,Informa?ní systémy pro rozhodování (1),P?ednáška,Q15,Žižka Jan,,48
Po,17,18.5,"Opera?ní systémy (1,6)",P?ednáška,Q03,Klimeš Cyril,,170
Po,17,18.5,Právo EU (1),P?ednáška,Q16,Zapletalová Dana,,120
Po,17,18.5,"Praxe vývojových technik Kybernetika (11,12)",P?ednáška,Q41,Š?astný Ji?í,,25
Po,17,18.5,"Evropské hospodá?ské právo v AJ (1,13)",Cvi?ení,Q35,Mat?jková Jitka,,25
Po,17,18.5,Evropské hospodá?ské právo v AJ (11),Cvi?ení,Q35,Mat?jková Jitka,,25
Po,17,18.5,"Excel (1,4)",Cvi?ení,Q05,Bresti?ová Ludmila,,22
Po,17,18.5,Informatika pro ekonomy I (9),Cvi?ení,Q05,Bresti?ová Ludmila,,23
Po,17,18.5,Krizový management (11),Cvi?ení,Q43,Zr?st Josef,,25
Po,17,18.5,"Krizový management (1,13)",Cvi?ení,Q43,Zr?st Josef,,25
Po,17,18.5,Makroekonomická analýza (1),Cvi?ení,Q26,Litzman Marek,,30
Po,17,18.5,"Makroekonomie II (1,21)",Cvi?ení,Q32,Litzman Marek,,
Po,17,17.5,Manažerská psychologie v AJ (1),Cvi?ení,Q23,Žiaran Pavel,,51
Po,17,18.5,Matematika II v AJ (1),Cvi?ení,Q25,Mikulášek Karel,,25
Po,17,18.5,Obchodní právo (11),Cvi?ení,Q33,Salachová Bohumila,,25
Po,17,18.5,"Obchodní právo (1,13)",Cvi?ení,Q33,Salachová Bohumila,,25
Po,17,18.5,"Opera?ní management (1,13)",Cvi?ení,Q14,Janiš Vít,,30
Po,17,18.5,"Podnikové finance (1,23)",Cvi?ení,Q44,Ševela Marcel,,
Po,17,18.5,"Pojiš?ovnictví I (1,13)",Cvi?ení,Q31,Ptá?ek Roman,,30
Po,17,18.5,Výpo?etní technika a algoritmizace II (1),Cvi?ení,Q08,Tur?ínek Jan,,22
Po,17,17.5,Vývoj ekonomického myšlení v AJ (1),Cvi?ení,Q45,Kouba Lud?k,,30
Po,18,18.5,Vývoj ekonomického myšlení v AJ (1),Cvi?ení,Q45,Fuchs Kamil,,30
Út,7,7.5,"Makroekonomie I (26,28)",Cvi?ení,Q32,Kajurová Veronika,,
Út,7,8.5,"Po?íta?ové sít? I (26,30)",P?ednáška,Q01.48,Balej Ji?í,,24
Út,7,8.5,Excel (4),Cvi?ení,Q07,Tur?ínek Jan,,22
Út,7,8.5,Finan?ní ú?etnictví II se zam??ením na zem? V4 (26),Cvi?ení,Q28,Krchnivá Kate?ina,,30
Út,7,8.5,"Informatika pro ekonomy I (9,26)",Cvi?ení,Q07,Tur?ínek Jan,,23
Út,7,9.5,Informa?ní systémy (projektování) (26),Cvi?ení,Q06,Priš?áková Zuzana,,20
Út,7,8.5,"Manažerská psychologie (11,36)",Cvi?ení,Q35,Žiaran Pavel,,24
Út,7,8.5,"Manažerská psychologie (13,39)",Cvi?ení,Q35,Žiaran Pavel,,24
Út,7,8.5,"Obchodní operace I (13,39)",Cvi?ení,Q13,Záboj Marek,,30
Út,7,8.5,"Obchodní operace I (11,36)",Cvi?ení,Q13,Záboj Marek,,30
Út,7,8.5,"Obchodní právo (11,36)",Cvi?ení,Q48,Salachová Bohumila,,25
Út,7,8.5,"Obchodní právo (13,39)",Cvi?ení,Q48,Salachová Bohumila,,25
Út,7,8.5,"Opera?ní systémy (21,26)",Cvi?ení,Q47,P?ichystal Jan,,
Út,7,8.5,Po?íta?ová grafika I (26),Cvi?ení,Q09,Dannhoferová Jana,,20
Út,7,8.5,"Podnikové finance (21,26)",Cvi?ení,Q44,Ševela Marcel,,
Út,7,8.5,Um?lá inteligence I (26),Cvi?ení,Q05,Ondroušek Vít,,22
Út,7,8.5,Výpo?etní technika a algoritmizace II (26),Cvi?ení,Q08,Tur?ínek Pavel,,22
Út,8,8.5,Ekonometrie I v AJ (26),P?ednáška,Q23,Adamec Václav,,52
Út,8,8.5,"Makroekonomie I (26,34)",Cvi?ení,Q32,Kajurová Veronika,,
Út,8,9.5,Systémy oficiální statistiky (26),P?ednáška,Q36,Blašková Veronika,,25
Út,8,10.5,Nep?ímé dan? (26),Cvi?ení,Q16,Pant??ek Igor,,80
Út,8,10.5,Softwarové inženýrství II (26),Cvi?ení,Q04,Kolomazník Jan,,22
Út,9,10.5,Cestovní ruch (26),P?ednáška,Q15,Ryglová Kate?ina,,48
Út,9,10.5,Internacionalizace podnik? (26),P?ednáška,Q13,Kubí?ková Lea,,40
Út,9,10.5,Makroekonomie II v AJ (26),P?ednáška,Q22,Rozmahel Petr,,60
Út,9,10.5,Mezinárodní ú?etní standardy (26),P?ednáška,Q43,Svoboda Patrik,,64
Út,9,10.5,Mezinárodní ú?etní standardy v AJ (26),P?ednáška,Q25,Bohušová Hana,,30
Út,9,10.5,Obchodní právo v AJ (26),P?ednáška,Q23,Mat?jková Jitka,,51
Út,9,10.5,"Základy práva I (13,39)",P?ednáška,Q01,Kelblová Hana,"1b-(me|1,2)",361
Út,9,10.5,"Angli?tina 2, EI (26)",Cvi?ení,Q01.84,Pirogová Anna,,22
Út,9,10.5,Ekonometrie I (26),Cvi?ení,Q37,Sta?ková Michaela,,20
Út,9,10.5,Finan?ní ú?etnictví II se zam??ením na zem? V4 (26),Cvi?ení,Q28,Gláserová Jana,,30
Út,9,9.5,Makroekonomie I (26),Cvi?ení,Q32,Kajurová Veronika,,30
Út,9,10.5,Makroekonomie II (26),Cvi?ení,Q31,Litzman Marek,,30
Út,9,10.5,Matematika II (26),Cvi?ení,Q38,Viskotová Lenka,,25
Út,9,10.5,Mediální strategie (26),Cvi?ení,Q27,Tur?ínková Jana,,24
Út,9,10.5,Obchodní jazyk - angli?tina (26),Cvi?ení,Q46,Klapilová Jana,,25
Út,9,10.5,"Obchodní právo (13,39)",Cvi?ení,Q48,Salachová Bohumila,,25
Út,9,10.5,"Obchodní právo (11,36)",Cvi?ení,Q48,Salachová Bohumila,,25
Út,9,10.5,Podniková ekonomika II (26),Cvi?ení,Q41,Syrovátka Pavel,,30
Út,9,10.5,Podnikové finance (26),Cvi?ení,Q44,Ševela Marcel,,30
Út,9,10.5,"Pojiš?ovnictví I (11,36)",Cvi?ení,Q42,Ptá?ek Roman,,30
Út,9,10.5,"Pojiš?ovnictví I (13,39)",Cvi?ení,Q42,Ptá?ek Roman,,30
Út,9,10.5,"Sociologie a sociální psychologie (13,39)",Cvi?ení,Q35,Abramuszkinová Pavlíková Eva,,25
Út,9,10.5,"Sociologie a sociální psychologie (11,36)",Cvi?ení,Q35,Abramuszkinová Pavlíková Eva,1b-me32,25
Út,10,11.5,"Sociální analýza (26,38)",P?ednáška,Q33,Rašticová Martina,,48
Út,10,10.5,Technologické projekty (26),P?ednáška,Q18,Groda Bo?ivoj,,28
Út,10,10.5,Makroekonomie I (26),Cvi?ení,Q32,Kajurová Veronika,,30
Út,10,10.5,Systémy oficiální statistiky (26),Cvi?ení,Q36,Blašková Veronika,,25
Út,10,12.5,Ú?etní software (26),Cvi?ení,Q26,Andrlík B?etislav,,22
Út,11,12.5,Aplika?ní programové vybavení (26),P?ednáška,Q16,Lýsek Ji?í,,80
Út,11,12.5,Ekonometrie I (4),P?ednáška,Q01,St?elec Luboš,,361
Út,11,12.5,Informa?ní systémy (projektování) (26),P?ednáška,Q32,Rábová Ivana,,48
Út,11,12.5,Investi?ní zám?ry a inova?ní management (26),P?ednáška,Q03,Šir??ek Martin,,170
Út,11,12.5,Mediální strategie (26),P?ednáška,Q43,Tur?ínková Jana,,64
Út,11,12.5,"Spole?enská odpov?dnost firem v AJ (26,35)",P?ednáška,Q23,Formánková Sylvie,,54
Út,11,12.5,"Angli?tina 2, EI (26)",Cvi?ení,Q01.84,Žákovská Iveta,,22
Út,11,12.5,Bakalá?ská práce IS/ICT (26),Cvi?ení,Q15,Da?ena František,,40
Út,11,12.5,Excel (4),Cvi?ení,Q05,Tur?ínek Jan,,22
Út,11,12.5,"Finan?ní trhy (13,39)",Cvi?ení,Q31,Toman Petr,,30
Út,11,12.5,"Finan?ní trhy (11,36)",Cvi?ení,Q31,Toman Petr,,30
Út,11,12.5,"Informatika pro ekonomy I (9,26)",Cvi?ení,Q05,Tur?ínek Jan,,23
Út,11,12.5,"Inovace pro informatiky (26,47)",Cvi?ení,Q01.48,Balej Ji?í,,16
Út,11,12.5,"Internacionalizace podnik? (11,36)",Cvi?ení,Q27,Montenero Vincent,,24
Út,11,12.5,"Internacionalizace podnik? (13,39)",Cvi?ení,Q27,Montenero Vincent,,24
Út,11,12.5,Makroekonomie II v AJ (26),Cvi?ení,Q22,Rozmahel Petr,,30
Út,11,11.5,Marketing I (26),Cvi?ení,Q28,Stojarová Šárka,,24
Út,11,12.5,Mezinárodní ú?etní standardy v AJ (26),Cvi?ení,Q25,Bohušová Hana,,30
Út,11,12.5,"Mobilní aplikace (26,49)",Cvi?ení,Q12,Landa Jaromír,,19
Út,11,12.5,Obchodní jazyk - angli?tina (26),Cvi?ení,Q35,Grochal Matej,,23
Út,11,12.5,Obchodní jazyk - angli?tina (26),Cvi?ení,Q46,Klapilová Jana,1b-(me31|1-3),25
Út,11,12.5,Obchodní jazyk - n?m?ina (26),Cvi?ení,Q44,Je?ábková Šárka,,22
Út,11,12.5,"Po?íta?ová grafika I (21,26)",Cvi?ení,Q09,Dannhoferová Jana,,
Út,11,12.5,Podnikové finance (26),Cvi?ení,Q41,Ševela Marcel,,30
Út,11,12.5,Sv?tový jazyk - N?m?ina 2 (26),Cvi?ení,Q38,Dyková So?a,,23
Út,11,12.5,Výpo?etní technika a algoritmizace II (26),Cvi?ení,Q06,Hála Tomáš,,22
Út,11,12.5,Výpo?etní technika a algoritmizace II (26),Cvi?ení,Q08,T?ináctý Ji?í,,22
Út,11,12.5,"Výpo?etní technika II (21,26)",Cvi?ení,Q07,Jedli?ka Petr,,
Út,11,12.5,"Vývoj ekonomického myšlení (13,21,39)",Cvi?ení,Q48,Kouba Lud?k,,
Út,11,12.5,"Vývoj ekonomického myšlení (11,36)",Cvi?ení,Q48,Kouba Lud?k,,30
Út,12,12.5,Marketing I (26),Cvi?ení,Q28,Stojarová Šárka,,24
Út,12,12.5,"Sociální analýza (26,48)",Cvi?ení,Q33,Bédiová Monika,,30
Út,13,14.5,"Diplomní seminá? IS/ICT (26,29)",P?ednáška,Q42,Da?ena František,,60
Út,13,14.5,"Diplomní seminá? Kybernetika (26,29,31)",P?ednáška,Q41,Farana Radim,,30
Út,13,13.5,Marketing I (26),Cvi?ení,Q28,Cinciala Tomáš,,24
Út,13,14.5,Evropské hospodá?ské právo v AJ (26),P?ednáška,Q02,Kyncl Libor,,170
Út,13,14.5,Historie a kultura v cestovním ruchu (26),P?ednáška,Q13,Stojarová Šárka,,46
Út,13,14.5,"Makroekonomie I (26,37)",P?ednáška,Q01,Dušková Jitka,,361
Út,13,14.5,Manažerská psychologie (26),P?ednáška,Q03,Žiaran Pavel,,170
Út,13,14.5,"Mezinárodní finance (26,40)",P?ednáška,Q15,Kapounek Svatopluk,,48
Út,13,15.5,"Ú?etnictví a zdan?ní neziskových organizací (26,41)",P?ednáška,Q33,Otavová Milena,,48
Út,13,14.5,"Výpo?etní technika II (26,42)",P?ednáška,Q16,Jedli?ka Petr,,140
Út,13,14.5,Zbožíznalství (26),P?ednáška,Q43,Tuzová Marcela,,64
Út,13,15.5,Databázové systémy I (26),Cvi?ení,Q08,Tur?ínek Pavel,,20
Út,13,14.5,Ekonometrie I (26),Cvi?ení,Q36,Sta?ková Michaela,,20
Út,13,14.5,Ekonometrie I (26),Cvi?ení,Q37,Bobošová Terézia,,20
Út,13,14.5,Excel (4),Cvi?ení,Q05,Balej Ji?í,,22
Út,13,14.5,"Finan?ní trhy (11,36)",Cvi?ení,Q31,Šir??ek Martin,,30
Út,13,14.5,"Finan?ní trhy (13,39)",Cvi?ení,Q31,Šir??ek Martin,,30
Út,13,14.5,"Informatika pro ekonomy I (9,26)",Cvi?ení,Q05,Balej Ji?í,,23
Út,13,14.5,IS podniku (26),Cvi?ení,Q06,Trenz Old?ich,,20
Út,13,14.5,Makroekonomie II (26),Cvi?ení,Q35,Kajurová Veronika,,30
Út,13,13.5,Podniková ekonomika I (26),Cvi?ení,Q32,Melicharová Alena,1b-(me32|1-3),30
Út,13,15.5,Nep?ímé dan? (26),Cvi?ení,Q22,Pant??ek Igor,,60
Út,13,14.5,"Personalistika (13,39)",Cvi?ení,Q14,Hrdli?ková Andrea,,25
Út,13,14.5,"Personalistika (11,36)",Cvi?ení,Q14,Hrdli?ková Andrea,,25
Út,13,14.5,Po?íta?ové sít? I (26),Cvi?ení,Q01.48,Passinger Ji?í,,12
Út,13,14.5,"Podniková ekonomika II (21,26)",Cvi?ení,Q38,Syrovátka Pavel,,
Út,13,14.5,Pokro?ilá uživatelská rozhraní (26),Cvi?ení,Q12,Procházka David,,19
Út,13,16.5,"Seminá? ?ízení podniku (26,50)",Cvi?ení,Q27,Kožíšek Radovan,,30
Út,13,14.5,"Sociální a ekonomické aplikace GIS (26,51)",Cvi?ení,Q24,Muro? Mikuláš,,19
Út,13,14.5,"Spole?enská odpov?dnost firem v AJ (11,35,36)",Cvi?ení,Q23,Formánková Sylvie,,54
Út,13,14.5,Sv?tový jazyk - Angli?tina 2 (26),Cvi?ení,Q25,Grochal Matej,,22
Út,13,14.5,Sv?tový jazyk - N?m?ina 2 (26),Cvi?ení,Q01.84,Je?ábková Šárka,,23
Út,13,14.5,Výpo?etní technika a algoritmizace II (26),Cvi?ení,Q47,Chalupová Nad?žda,,22
Út,13,14.5,"Výpo?etní technika I (9,26)",Cvi?ení,Q07,Hála Tomáš,1b-(1|ei31),20
Út,13,14.5,"Vývoj ekonomického myšlení (11,36)",Cvi?ení,Q48,Machay Martin,,30
Út,13,14.5,"Vývoj ekonomického myšlení (13,39)",Cvi?ení,Q48,Machay Martin,,30
Út,13,14.5,Word (4),Cvi?ení,Q07,Dannhoferová Jana,1b-(1|ei31),20
Út,13,14.5,Zpracování text? na po?íta?i (26),Cvi?ení,Q09,Haluza Pavel,,22
Út,14,15.5,"EU a global governance (26,32)",P?ednáška,Q45,Abramuszkinová Pavlíková Eva,,30
Út,14,14.5,Marketing I (26),Cvi?ení,Q28,Cinciala Tomáš,,24
Út,14,14.5,Podniková ekonomika I (26),Cvi?ení,Q32,Melicharová Alena,1b-(me31|1-3),30
Út,15,16.5,Budování zna?ky (26),P?ednáška,Q13,Tur?ínková Jana,,50
Út,15,16.5,Matematika I v AJ (26),P?ednáška,Q25,Mikulášek Karel,,30
Út,15,16.5,M??icí systémy II (26),P?ednáška,Q17,Koudelka Petr,,42
Út,15,16.5,Podniková ekonomika I (26),P?ednáška,Q02,Melicharová Alena,"1b-(ei|me|1,2)",170
Út,15,16.5,Pojiš?ovnictví I (26),P?ednáška,Q03,Ptá?ek Roman,,170
Út,15,15.5,?ízení kolejové dopravy (26),P?ednáška,Q05,Rybi?ka Ji?í,,20
Út,15,16.5,Výpo?etní technika a algoritmizace II (26),P?ednáška,Q01,Tur?ínek Jan,,700
Út,15,16.5,"Angli?tina 2, EI (26)",Cvi?ení,Q44,Žákovská Iveta,,22
Út,15,16.5,Diplomová práce IS/ICT (26),Cvi?ení,Q42,Da?ena František,,120
Út,15,16.5,"Diplomová práce Kybernetika (26,46)",Cvi?ení,Q41,Farana Radim,,22
Út,15,16.5,Ekonometrie I (26),Cvi?ení,Q36,Sta?ková Michaela,,20
Út,15,17.5,Informa?ní systémy (projektování) (26),Cvi?ení,Q06,Priš?áková Zuzana,,20
Út,15,16.5,"Informatika pro ekonomy I v AJ (15,26,44)",Cvi?ení,Q24,P?ichystal Jan,,24
Út,15,18.5,"Kancelá?ské aplikace v AJ (4,43)",Cvi?ení,Q24,Dlabolová Dita,,26
Út,15,15.5,Makroekonomie I (26),Cvi?ení,Q32,Náplava Radek,,30
Út,15,16.5,"Obchodní právo (13,39)",Cvi?ení,Q35,Salachová Bohumila,,25
Út,15,16.5,"Obchodní právo (11,36)",Cvi?ení,Q35,Salachová Bohumila,,25
Út,15,16.5,Podniková ekonomika II (26),Cvi?ení,Q38,Syrovátka Pavel,,30
Út,15,16.5,Sv?tový jazyk - N?m?ina 2 (26),Cvi?ení,Q01.84,Je?ábková Šárka,,23
Út,15,16.5,"Výpo?etní technika I (9,26)",Cvi?ení,Q07,Hála Tomáš,,20
Út,15,16.5,"Vývoj sv?tového hospodá?ství (11,36)",Cvi?ení,Q48,Mádr Michal,,30
Út,15,16.5,Zpracování text? na po?íta?i (26),Cvi?ení,Q09,Haluza Pavel,,22
Út,16,16.5,"EU a global governance (26,32)",Cvi?ení,Q45,Abramuszkinová Pavlíková Eva,,30
Út,16,18.5,Právo informa?ních systém? (26),P?ednáška,Q43,Kelblová Hana,,60
Út,16,18.5,Databázové systémy I (26),Cvi?ení,Q08,Faldík Old?ich,,20
Út,16,17.5,"Kroužek aplikované psychologie a leadershipu (13,39,45)",Cvi?ení,Q6.19,Rašticová Martina,,20
Út,16,16.5,Makroekonomie I (26),Cvi?ení,Q32,Náplava Radek,,30
Út,16,17.5,?ízení kolejové dopravy (26),Cvi?ení,Q05,Rybi?ka Ji?í,,10
Út,17,18.5,"Finan?ní trhy (26,27)",P?ednáška,Q01,Šir??ek Martin,,361
Út,17,18.5,Makroekonomická analýza (26),P?ednáška,Q15,Litzman Marek,,48
Út,17,18.5,Mezinárodní investi?ní management v AJ (26),P?ednáška,Q42,Kapounek Svatopluk,,60
Út,17,18.5,"Projektový management (26,33)",P?ednáška,Q02,Lörinczy Markéta,,170
Út,17,18.5,Základy elektrotechniky (26),P?ednáška,Q16,Klein Richard,,80
Út,17,18.5,"Bankovnictví I (11,36)",Cvi?ení,Q31,Lašt?vková Jana,,30
Út,17,18.5,"Bankovnictví I (13,39)",Cvi?ení,Q31,Lašt?vková Jana,,30
Út,17,17.5,"Hospodá?ská politika I (21,26)",Cvi?ení,Q48,Franc Aleš,,
Út,17,18.5,"Informatika pro ekonomy I v AJ (26,43,44)",Cvi?ení,Q24,Dlabolová Dita,,24
Út,17,18.5,Matematika I v AJ (26),Cvi?ení,Q25,Mikulášek Karel,,30
Út,17,18.5,Podnikové finance (26),Cvi?ení,Q41,Št?pánková Jana,,30
Út,17,18.5,Pokro?ilá uživatelská rozhraní (26),Cvi?ení,Q12,Procházka David,,19
Út,17,18.5,Programovací techniky (26),Cvi?ení,Q07,Hála Tomáš,,25
Út,17,18.5,"Zbožíznalství (11,36)",Cvi?ení,Q28,Tuzová Marcela,,24
Út,17,18.5,Zpracování text? na po?íta?i (26),Cvi?ení,Q09,Haluza Pavel,,22
St,7,8.5,Bakalá?ský seminá? (52),P?ednáška,Q16,Farana Radim,,80
St,7,8.5,Cestovní ruch v AJ,P?ednáška,Q23,Peruthová Astrida,,56
St,7,8.5,Po?íta?ová grafika I,P?ednáška,Q03,Dannhoferová Jana,,170
St,7,8.5,Podniková ekonomika II,P?ednáška,Q02,Syrovátka Pavel,,170
St,7,8.5,Ekonometrie I,Cvi?ení,Q36,Forbelská Marie,,20
St,7,8.5,Excel (4),Cvi?ení,Q08,Tur?ínek Jan,,22
St,7,8.5,Finan?ní analýza podniku (11),Cvi?ení,Q48,Masa?ová Andrea,,30
St,7,8.5,Finan?ní analýza podniku (13),Cvi?ení,Q48,Masa?ová Andrea,,30
St,7,8.5,Informatika pro ekonomy I (9),Cvi?ení,Q08,Tur?ínek Jan,,23
St,7,8.5,Inovace pro informatiky (47),Cvi?ení,Q01.48,Balej Ji?í,,16
St,7,8.5,IS/ICT v AJ (15),Cvi?ení,Q24,Da?ena František,,23
St,7,8.5,Makroekonomie II,Cvi?ení,Q41,Kajurová Veronika,,30
St,7,8.5,Matematika I,Cvi?ení,Q31,Viskotová Lenka,,25
St,7,8.5,Matematika II,Cvi?ení,Q42,Hampel David,,25
St,7,8.5,Matematika II,Cvi?ení,Q44,?ampulová Martina,,25
St,7,8.5,Mobilní aplikace (49),Cvi?ení,Q12,Landa Jaromír,,19
St,7,8.5,Obchodní operace I (13),Cvi?ení,Q13,Procházková Lenka,,30
St,7,8.5,Obchodní operace I (11),Cvi?ení,Q13,Procházková Lenka,,30
St,7,8.5,Výpo?etní technika a algoritmizace II,Cvi?ení,Q47,Tur?ínek Pavel,,22
St,8,8.5,Elektronický marketing,Cvi?ení,Q27,Ne?as Igor,,24
St,8,8.5,Evropské hospodá?ské právo v AJ,Cvi?ení,Q25,Kyncl Libor,,37
St,8,10.5,Ú?etní software,Cvi?ení,Q26,Ptá?ková Mísa?ová Petra,,22
St,9,10.5,Destina?ní management,P?ednáška,Q43,Rašovská Ida,,64
St,9,10.5,Evropské hospodá?ské právo v AJ,P?ednáška,Q25,Kyncl Libor,,37
St,9,10.5,Finan?ní právo,P?ednáška,Q33,Jur?ík Radek,,48
St,9,10.5,Obchodní operace I,P?ednáška,Q01,Procházková Lenka,,361
St,9,10.5,Pokro?ilé statistické metody a modely,P?ednáška,Q36,Hampel David,,25
St,9,10.5,Programovací techniky,P?ednáška,Q15,Rybi?ka Ji?í,,70
St,9,10.5,Propagace a média,P?ednáška,Q03,Tur?ínková Jana,,170
St,9,10.5,Technická kybernetika (62),P?ednáška,Q17,Farana Radim,,42
St,9,10.5,Teorie graf?,P?ednáška,Q16,Ondroušek Vít,,48
St,9,10.5,Výpo?etní technika a algoritmizace II v AJ,P?ednáška,Q23,Da?ena František,,48
St,9,10.5,"Angli?tina 2, EI (64)",Cvi?ení,Q01.84,Horáková Ludmila,,
St,9,10.5,Ekonometrie I,Cvi?ení,Q37,Bobošová Terézia,,20
St,9,9.5,Elektronický marketing,Cvi?ení,Q27,Ne?as Igor,,24
St,9,10.5,Excel (4),Cvi?ení,Q08,Dlabolová Dita,,22
St,9,10.5,Informatika pro ekonomy I (9),Cvi?ení,Q08,Dlabolová Dita,,23
St,9,10.5,Inovace pro informatiky (47),Cvi?ení,Q01.48,Balej Ji?í,,16
St,9,10.5,IS podniku,Cvi?ení,Q06,Trenz Old?ich,,20
St,9,9.5,Makroekonomie I,Cvi?ení,Q22,Mádr Michal,,30
St,9,10.5,Makroekonomie II,Cvi?ení,Q41,Kajurová Veronika,,30
St,9,10.5,Matematika I,Cvi?ení,Q31,Viskotová Lenka,"1b-(me31|1,2)",25
St,9,10.5,Matematika I,Cvi?ení,Q42,Šácha Jakub,,25
St,9,10.5,Matematika II,Cvi?ení,Q44,?ampulová Martina,,25
St,9,10.5,Matematika II,Cvi?ení,Q45,?íhová Dana,,25
St,9,10.5,Obchodní jazyk - angli?tina,Cvi?ení,Q38,Žákovská Iveta,,25
St,9,10.5,Obchodní jazyk - angli?tina,Cvi?ení,Q46,Lahodová Marie,,25
St,9,10.5,Po?íta?ová grafika I,Cvi?ení,Q09,Dannhoferová Jana,,20
St,9,10.5,Podnikové finance,Cvi?ení,Q13,Masa?ová Andrea,,30
St,9,10.5,Výpo?etní technika a algoritmizace II,Cvi?ení,Q47,Tur?ínek Jan,,22
St,9,10.5,Výpo?etní technika a algoritmizace I v AJ,Cvi?ení,Q24,Landa Jaromír,,22
St,9,10.5,Výpo?etní technika II,Cvi?ení,Q07,Jedli?ka Petr,,21
St,9,10.5,Zpracování text? na po?íta?i,Cvi?ení,Q05,Haluza Pavel,,22
St,10,10.5,Elektronický marketing,Cvi?ení,Q27,Ne?as Igor,,25
St,10,10.5,Makroekonomie I,Cvi?ení,Q22,Mádr Michal,,30
St,11,12.5,Animace a geoprostor,P?ednáška,Q15,Landa Jaromír,,48
St,11,12.5,Podnikové finance,P?ednáška,Q01,Špirková Daniela,,500
St,11,12.5,Um?lá inteligence II v AJ,P?ednáška,Q47,Žižka Jan,,20
St,11,12.5,Ve?ejné finance II (58),P?ednáška,Q03,Kuku?ková So?a,,170
St,11,12.5,Výpo?etní technika a algoritmizace I (59),P?ednáška,Q16,Jedli?ka Petr,"1b-(me|1,2)",80
St,11,12.5,"Angli?tina 2, EI",Cvi?ení,Q01.84,Grochal Matej,,22
St,11,12.5,Budování zna?ky,Cvi?ení,Q13,Tur?ínková Jana,,24
St,11,12.5,Destina?ní management (11),Cvi?ení,Q27,Rašovská Ida,,32
St,11,12.5,"Destina?ní management (13,63)",Cvi?ení,Q27,Rašovská Ida,,
St,11,12.5,Ekonometrie I,Cvi?ení,Q36,Forbelská Marie,,20
St,11,12.5,Ekonometrie I,Cvi?ení,Q37,Bobošová Terézia,,20
St,11,12.5,Hodnocení výkonnosti podniku (11),Cvi?ení,Q44,Basovníková Marcela,,30
St,11,12.5,Hodnocení výkonnosti podniku (13),Cvi?ení,Q44,Basovníková Marcela,,20
St,11,11.5,Hospodá?ská politika I,Cvi?ení,Q48,Franc Aleš,,30
St,11,12.5,"Informatika pro ekonomy I v AJ (15,44)",Cvi?ení,Q24,P?ichystal Jan,,24
St,11,12.5,IS podniku,Cvi?ení,Q06,Trenz Old?ich,,20
St,11,11.5,Makroekonomie I,Cvi?ení,Q22,Náplava Radek,,30
St,11,14.5,"Kancelá?ské aplikace v AJ (4,43)",Cvi?ení,Q24,Dlabolová Dita,,26
St,11,12.5,Makroekonomie II,Cvi?ení,Q41,Litzman Marek,,30
St,11,12.5,Matematika I,Cvi?ení,Q42,Šácha Jakub,,25
St,11,12.5,Obchodní jazyk - angli?tina,Cvi?ení,Q38,Žákovská Iveta,,25
St,11,12.5,Obchodní jazyk - angli?tina,Cvi?ení,Q46,Lahodová Marie,,25
St,11,12.5,Obchodní právo (13),Cvi?ení,Q35,Salachová Bohumila,,25
St,11,12.5,Obchodní právo (11),Cvi?ení,Q35,Salachová Bohumila,,25
St,11,11.5,Obchodní právo v AJ,Cvi?ení,Q23,Mat?jková Jitka,,51
St,11,12.5,Po?íta?ová grafika I,Cvi?ení,Q09,Dannhoferová Jana,,20
St,11,12.5,Podniková ekonomika II,Cvi?ení,Q43,Hajko Vladimír,,30
St,11,12.5,Projektový management (11),Cvi?ení,Q25,Skýpalová Renata,,30
St,11,12.5,"Projektový management (13,21)",Cvi?ení,Q25,Skýpalová Renata,,
St,11,12.5,Sv?tový jazyk - N?m?ina 1,Cvi?ení,Q45,Branná Lucie,,22
St,11,12.5,Technická kybernetika,Cvi?ení,Q11,Slaný Vlastimil,,15
St,11,12.5,Technická kybernetika,Cvi?ení,Q18,Rouš Robert,,15
St,11,12.5,"Vývoj ekonomického myšlení (11,21)",Cvi?ení,Q32,Kouba Lud?k,,
St,11,12.5,Webové aplikace (68),Cvi?ení,Q07,Lýsek Ji?í,,20
St,11,12.5,Základy objektového návrhu,Cvi?ení,Q08,Muro? Mikuláš,1b-(ei31|ii|si|2),22
St,11,12.5,Zpracování text? na po?íta?i,Cvi?ení,Q05,Haluza Pavel,,22
St,12,12.5,Hospodá?ská politika I,Cvi?ení,Q48,Franc Aleš,,30
St,12,12.5,Makroekonomie I,Cvi?ení,Q22,Náplava Radek,,30
St,12,14.5,Ú?etní software,Cvi?ení,Q26,Solilová Veronika,,22
St,13,14.5,Ekonomicko matematické metody,P?ednáška,Q15,Holoubek Josef,,48
St,13,14.5,Financování regionálního rozvoje (53),P?ednáška,Q22,Strej?ek Petr,,60
St,13,14.5,"Makroekonomie I (9,56,57)",P?ednáška,Q01,Kouba Lud?k,,361
St,13,14.5,Personalistika,P?ednáška,Q03,Hrdli?ková Andrea,,170
St,13,14.5,Programovací jazyk C++ v AJ,P?ednáška,Q12,Rybi?ka Ji?í,,19
St,13,14.5,Sociologie a sociální psychologie (60),P?ednáška,Q02,Abramuszkinová Pavlíková Eva,1b-(me|1-3),300
St,13,14.5,Správní právo hmotné,P?ednáška,Q33,Jur?ík Radek,,48
St,13,14.5,Výpo?etní technika I,P?ednáška,Q16,Haluza Pavel,1b-(1|ei31),80
St,13,14.5,Ekonometrie I,Cvi?ení,Q37,Forbelská Marie,,20
St,13,14.5,Excel (4),Cvi?ení,Q09,Balej Ji?í,,22
St,13,14.5,Finan?ní trhy (11),Cvi?ení,Q31,Šir??ek Martin,,30
St,13,14.5,Finan?ní trhy (13),Cvi?ení,Q31,Šir??ek Martin,,30
St,13,14.5,Geografie cestovního ruchu,Cvi?ení,Q27,Mokrý Stanislav,,24
St,13,14.5,Informa?ní systémy pro rozhodování,Cvi?ení,Q07,Chalupová Nad?žda,,20
St,13,14.5,Informatika pro ekonomy I (9),Cvi?ení,Q09,Balej Ji?í,,23
St,13,14.5,"Informatika pro ekonomy I v AJ (43,44)",Cvi?ení,Q24,Dlabolová Dita,,24
St,13,14.5,IS podniku,Cvi?ení,Q06,Trenz Old?ich,,20
St,13,14.5,Matematika II,Cvi?ení,Q42,?íhová Dana,,25
St,13,14.5,Matematika II,Cvi?ení,Q46,Konderla Tomáš,,25
St,13,14.5,M??icí systémy II,Cvi?ení,Q11,Slaný Vlastimil,,15
St,13,14.5,M??icí systémy II,Cvi?ení,Q18,Rouš Robert,,15
St,13,14.5,Mezinárodní ú?etní standardy,Cvi?ení,Q28,Svoboda Patrik,,30
St,13,14.5,Opera?ní výzkum,Cvi?ení,Q34,Šácha Jakub,,25
St,13,14.5,Pokro?ilé statistické metody a modely,Cvi?ení,Q36,Hampel David,,25
St,13,14.5,Programovací techniky,Cvi?ení,Q47,Hála Tomáš,,25
St,13,14.5,Sv?tový jazyk - Francouzština 2 v AJ,Cvi?ení,Q25,Lazarová Anna,,22
St,13,14.5,Sv?tový jazyk - N?m?ina 1,Cvi?ení,Q45,Branná Lucie,,22
St,13,14.5,Sv?tový jazyk - Špan?lština 2,Cvi?ení,Q01.84,Kocmánková Markéta,,22
St,13,14.5,Um?lá inteligence I,Cvi?ení,Q05,Ondroušek Vít,,22
St,13,14.5,"Ve?ejné finance II (11,66)",Cvi?ení,Q38,Kuku?ková So?a,,30
St,13,14.5,"Ve?ejné finance II (13,67)",Cvi?ení,Q38,Kuku?ková So?a,,30
St,13,14.5,Základy práva I (13),Cvi?ení,Q48,Vítek Bohumil,,28
St,13,14.5,Základy práva I (11),Cvi?ení,Q48,Vítek Bohumil,,28
St,15,16.5,Energetika a technika v AJ,P?ednáška,R204,Fajman Martin,,30
St,15,16.5,Finan?ní trhy (27),P?ednáška,Q02,Šir??ek Martin,,170
St,15,16.5,Hodnocení výkonnosti podniku (54),P?ednáška,Q16,Basovníková Marcela,,110
St,15,16.5,Mezinárodní obchodní právo v AJ,P?ednáška,Q23,Kyncl Libor,,30
St,15,15.5,Paralelní programování,P?ednáška,Q05,Kolomazník Jan,,21
St,15,16.5,Sociologie a sociální psychologie v AJ (60),P?ednáška,Q45,Montenero Vincent,,37
St,15,16.5,Spole?enská odpov?dnost firem (61),P?ednáška,Q03,Formánková Sylvie,,170
St,15,16.5,Územní plánování a stavební ?ízení,P?ednáška,Q48,Vítek Bohumil,,30
St,15,15.5,Makroekonomie I,Cvi?ení,Q22,Mádr Michal,,30
St,15,16.5,Matematika II,Cvi?ení,Q42,?íhová Dana,,25
St,15,16.5,Po?íta?ové sít? I,Cvi?ení,Q01.48,Passinger Ji?í,,12
St,15,16.5,Podniková ekonomika II,Cvi?ení,Q38,Hajko Vladimír,,30
St,15,15.5,Propagace a média,Cvi?ení,Q13,Melichar Ond?ej,,24
St,15,16.5,Právo informa?ních systém? (13),Cvi?ení,Q32,Kelblová Hana,,26
St,15,16.5,Právo informa?ních systém? (11),Cvi?ení,Q32,Kelblová Hana,,26
St,15,16.5,"Praxe vývojových technik Kybernetika (21,24)",Cvi?ení,Q11,Š?astný Ji?í,,
St,15,16.5,Programovací jazyk C++ v AJ,Cvi?ení,Q12,Rybi?ka Ji?í,,19
St,15,16.5,Programovací techniky,Cvi?ení,Q47,Hála Tomáš,,25
St,15,16.5,Sociologie a sociální psychologie (11),Cvi?ení,Q35,Abramuszkinová Pavlíková Eva,,25
St,15,16.5,Sociologie a sociální psychologie (13),Cvi?ení,Q35,Abramuszkinová Pavlíková Eva,,25
St,15,16.5,Správní právo hmotné (11),Cvi?ení,Q33,Jur?ík Radek,,30
St,15,16.5,Teoretické základy informatiky,Cvi?ení,Q31,Dlabolová Dita,1b-(ei31|ii|si|2),25
St,15,16.5,Ú?etnictví a dan? v CR (11),Cvi?ení,Q28,Ptá?ková Mísa?ová Petra,,30
St,15,16.5,Ú?etnictví a dan? v CR (13),Cvi?ení,Q28,Ptá?ková Mísa?ová Petra,,30
St,15,17.5,Ú?etní software,Cvi?ení,Q26,Grásgruber Miloš,,22
St,15,16.5,Výpo?etní technika a algoritmizace I (9),Cvi?ení,Q06,Chalupová Nad?žda,1b-me31,20
St,15,16.5,Výpo?etní technika a algoritmizace II,Cvi?ení,Q08,Matiášová And?la,,22
St,15,16.5,Výpo?etní technika II,Cvi?ení,Q09,Jedli?ka Petr,,21
St,15,16.5,Word (4),Cvi?ení,Q06,Chalupová Nad?žda,,20
St,15,16.5,Zpracování text? na po?íta?i,Cvi?ení,Q07,Haluza Pavel,,22
St,16,16.5,Makroekonomie I,Cvi?ení,Q22,Mádr Michal,,30
St,16,16.5,Propagace a média,Cvi?ení,Q13,Melichar Ond?ej,,24
St,16,17.5,Paralelní programování,Cvi?ení,Q05,Kolomazník Jan,,21
St,17,18.5,Elektronický marketing,P?ednáška,Q02,Mokrý Stanislav,,192
St,17,18.5,Webové aplikace (2),P?ednáška,Q16,Lýsek Ji?í,,80
St,17,17.5,Ekonomický diskuzní kroužek (55),Cvi?ení,Q5.35,Machay Martin,,30
St,17,17.5,Ekonomický diskuzní kroužek (55),Cvi?ení,Q5.35,Machay Martin,,30
St,17,17.5,Energetika a technika v AJ,Cvi?ení,R204,Fajman Martin,,22
St,17,18.5,Excel (4),Cvi?ení,Q07,Priš?áková Zuzana,,22
St,17,18.5,Finan?ní trhy (13),Cvi?ení,Q38,Šir??ek Martin,,30
St,17,18.5,Finan?ní trhy (11),Cvi?ení,Q38,Šir??ek Martin,,30
St,17,18.5,Hodnocení výkonnosti podniku (11),Cvi?ení,Q44,Basovníková Marcela,,30
St,17,18.5,Hodnocení výkonnosti podniku (13),Cvi?ení,Q44,Basovníková Marcela,,30
St,17,18.5,Informatika pro ekonomy I (9),Cvi?ení,Q07,Priš?áková Zuzana,,23
St,17,17.5,Mezinárodní obchodní právo v AJ,Cvi?ení,Q23,Kyncl Libor,,30
St,17,18.5,Podnikové finance,Cvi?ení,Q42,Št?pánková Jana,,30
St,17,18.5,Právo EU (13),Cvi?ení,Q35,Cejpek Musilová Hana,,30
St,17,18.5,Právo EU (11),Cvi?ení,Q35,Cejpek Musilová Hana,,30
St,17,17.5,Sociologie a sociální psychologie v AJ (65),Cvi?ení,Q45,Montenero Vincent,,37
St,17,17.5,Územní plánování a stavební ?ízení,Cvi?ení,Q48,Vítek Bohumil,,30
St,17,18.5,Výpo?etní technika a algoritmizace I (9),Cvi?ení,Q47,Jedli?ka Petr,,20
St,17,18.5,Výpo?etní technika a algoritmizace II,Cvi?ení,Q08,Matiášová And?la,,22
St,17,18.5,Word (4),Cvi?ení,Q47,Jedli?ka Petr,,20
St,17,18.5,Základy objektového návrhu,Cvi?ení,Q06,Švehla Ond?ej,,22
?t,7,8.5,Marketing I,P?ednáška,Q01,Procházková Martina,,300
?t,7,8.5,Mobilní aplikace (49),P?ednáška,Q15,Landa Jaromír,,48
?t,7,8.5,Ob?anské a rodinné právo,P?ednáška,Q33,Kelblová Hana,,48
?t,7,8.5,Aplikované statistické metody,Cvi?ení,Q36,Adamec Václav,,20
?t,7,8.5,Ekonometrie I,Cvi?ení,Q37,Forbelská Marie,,20
?t,7,8.5,Finan?ní trhy (13),Cvi?ení,Q31,Šir??ek Martin,,30
?t,7,9.5,Databázové systémy I,Cvi?ení,Q08,Tur?ínek Pavel,,20
?t,7,8.5,Finan?ní trhy (11),Cvi?ení,Q31,Šir??ek Martin,,30
?t,7,8.5,Informa?ní systémy finan?ních institucí (11),Cvi?ení,Q06,Klegová Jaroslava,,20
?t,7,8.5,Informa?ní systémy finan?ních institucí (13),Cvi?ení,Q06,Klegová Jaroslava,,20
?t,7,8.5,Matematika I,Cvi?ení,Q32,Blašková Veronika,"1b-(ei31|1,2)",25
?t,7,8.5,Matematika II,Cvi?ení,Q42,?ampulová Martina,,25
?t,7,8.5,Podnikové finance (21),Cvi?ení,Q44,Ševela Marcel,,
?t,7,8.5,Sociologie a sociální psychologie (11),Cvi?ení,Q35,?erný Ji?í,,25
?t,7,8.5,Sociologie a sociální psychologie (13),Cvi?ení,Q35,?erný Ji?í,1b-me31,25
?t,7,8.5,Sv?tový jazyk - Ruština 2,Cvi?ení,Q01.84,Shchavruk Marina,,22
?t,7,8.5,Výpo?etní technika a algoritmizace II,Cvi?ení,Q07,Dannhoferová Jana,,22
?t,7,8.5,Výpo?etní technika a algoritmizace II,Cvi?ení,Q09,Matiášová And?la,,22
?t,7,8.5,Výpo?etní technika a algoritmizace II v AJ,Cvi?ení,Q24,Da?ena František,,24
?t,9,10.5,Makroekonomie II,P?ednáška,Q01,Franc Aleš,,361
?t,9,10.5,Makroekonomie I v AJ,P?ednáška,Q22,Rozmahel Petr,,60
?t,9,10.5,Matematika I,P?ednáška,Q03,Viskotová Lenka,"1b-(ei|me|1,2)",225
?t,9,10.5,Obchodní operace I v AJ,P?ednáška,Q43,Záboj Marek,,64
?t,9,10.5,Opera?ní management,P?ednáška,Q02,Žufan Pavel,,170
?t,9,10.5,Vývoj sv?tového hospodá?ství (57),P?ednáška,Q48,Kouba Lud?k,,30
?t,9,10.5,Ekonometrie I,Cvi?ení,Q37,Bobošová Terézia,,20
?t,9,10.5,Ekonomika podnikových proces? (11),Cvi?ení,Q41,Vav?ina Jan,,30
?t,9,10.5,Ekonomika podnikových proces? (13),Cvi?ení,Q41,Vav?ina Jan,,30
?t,9,10.5,Excel (4),Cvi?ení,Q05,Balej Ji?í,,22
?t,9,10.5,"Finan?ní analýza podniku (13,21)",Cvi?ení,Q32,Masa?ová Andrea,,30
?t,9,9.5,Marketing I,Cvi?ení,Q28,Melichar Ond?ej,,24
?t,9,10.5,Finan?ní trhy (11),Cvi?ení,Q31,Šir??ek Martin,,30
?t,9,10.5,Finan?ní trhy (13),Cvi?ení,Q31,Šir??ek Martin,,30
?t,9,10.5,Informatika pro ekonomy I (9),Cvi?ení,Q05,Balej Ji?í,,23
?t,9,10.5,Matematika II,Cvi?ení,Q42,?ampulová Martina,,25
?t,9,10.5,Matematika II,Cvi?ení,Q44,Konderla Tomáš,,25
?t,9,10.5,Mediální strategie,Cvi?ení,Q27,Tur?ínková Jana,,24
?t,9,10.5,Ob?anské a rodinné právo (11),Cvi?ení,Q33,Kelblová Hana,,30
?t,9,10.5,"Ob?anské a rodinné právo (13,21)",Cvi?ení,Q33,Kelblová Hana,,
?t,9,10.5,Obchodní právo (11),Cvi?ení,Q15,Salachová Bohumila,,25
?t,9,10.5,Obchodní právo (13),Cvi?ení,Q15,Salachová Bohumila,,25
?t,9,10.5,Opera?ní systémy,Cvi?ení,Q47,P?ichystal Jan,,20
?t,9,10.5,Opera?ní výzkum,Cvi?ení,Q34,Šácha Jakub,,25
?t,9,10.5,Podnikové finance,Cvi?ení,Q46,Basovníková Marcela,,30
?t,9,10.5,?ízení dodavatelsko-odb?ratelských vztah? (11),Cvi?ení,Q13,Kubí?ková Lea,,30
?t,9,10.5,?ízení dodavatelsko-odb?ratelských vztah? (13),Cvi?ení,Q13,Kubí?ková Lea,,30
?t,9,10.5,Sociologie a sociální psychologie (13),Cvi?ení,Q35,Králíková Veronika,,25
?t,9,10.5,Sociologie a sociální psychologie (11),Cvi?ení,Q35,Králíková Veronika,,25
?t,9,10.5,Sv?tový jazyk - Ruština 2,Cvi?ení,Q01.84,Shchavruk Marina,,22
?t,9,10.5,Výpo?etní technika a algoritmizace II,Cvi?ení,Q07,Dannhoferová Jana,,22
?t,9,10.5,Výpo?etní technika II,Cvi?ení,Q06,Jedli?ka Petr,,21
?t,9,10.5,Zpracování text? na po?íta?i,Cvi?ení,Q09,Haluza Pavel,,22
?t,10,10.5,Marketing I,Cvi?ení,Q28,Melichar Ond?ej,,24
?t,10,12.5,Databázové systémy I,Cvi?ení,Q08,Tur?ínek Pavel,,20
?t,10,12.5,Softwarové inženýrství II,Cvi?ení,Q12,Trenz Old?ich,,22
?t,11,12.5,Bankovnictví I,P?ednáška,Q02,Kašparovská Vlasta,,170
?t,11,12.5,Finan?ní management v AJ (71),P?ednáška,Q23,Hajko Vladimír,,48
?t,11,12.5,Opera?ní výzkum,P?ednáška,Q01,Šácha Jakub,,361
?t,11,12.5,?ízení dodavatelsko-odb?ratelských vztah?,P?ednáška,Q03,Kubí?ková Lea,,250
?t,11,12.5,Um?lá inteligence I (73),P?ednáška,Q16,Trenz Old?ich,,100
?t,11,14.5,Správa daní,P?ednáška,Q33,Truba? Ond?ej,,48
?t,11,12.5,Základy objektového návrhu,P?ednáška,Q15,Procházka David,1b-(ei31|ii|si|2),40
?t,11,12.5,Animace a geoprostor,Cvi?ení,Q07,Landa Jaromír,,20
?t,11,12.5,Aplikované statistické metody,Cvi?ení,Q36,Adamec Václav,,20
?t,11,12.5,Cestovní ruch (11),Cvi?ení,Q27,Ryglová Kate?ina,,18
?t,11,12.5,Cestovní ruch (13),Cvi?ení,Q27,Ryglová Kate?ina,,18
?t,11,12.5,Controlling (11),Cvi?ení,Q38,Vav?ina Jan,,30
?t,11,12.5,Ekonometrie I,Cvi?ení,Q37,Bobošová Terézia,,20
?t,11,12.5,Excel (4),Cvi?ení,Q05,Balej Ji?í,,22
?t,11,12.5,Excel (4),Cvi?ení,Q26,Dlabolová Dita,,22
?t,11,12.5,Finan?ní trhy (11),Cvi?ení,Q48,Šir??ek Martin,,30
?t,11,12.5,Finan?ní trhy (13),Cvi?ení,Q48,Toman Petr,,30
?t,11,12.5,Informatika pro ekonomy I (9),Cvi?ení,Q05,Balej Ji?í,,23
?t,11,12.5,Informatika pro ekonomy I (9),Cvi?ení,Q47,Dlabolová Dita,,23
?t,11,12.5,Informatika pro ekonomy II (21),Cvi?ení,Q06,Rybi?ka Ji?í,,
?t,11,12.5,Integrovaný management (11),Cvi?ení,Q43,Dania Tomáš,,30
?t,11,12.5,Integrovaný management (13),Cvi?ení,Q43,Dania Tomáš,,30
?t,11,12.5,Investi?ní zám?ry a inova?ní management (11),Cvi?ení,Q31,Šir??ek Martin,,30
?t,11,12.5,Investi?ní zám?ry a inova?ní management (13),Cvi?ení,Q31,Šir??ek Martin,,30
?t,11,11.5,Makroekonomie I,Cvi?ení,Q32,Dušková Jitka,1b-me32,30
?t,11,12.5,Makroekonomie I v AJ,Cvi?ení,Q22,Rozmahel Petr,,35
?t,11,12.5,Manažerská psychologie (13),Cvi?ení,Q35,Žiaran Pavel,,24
?t,11,12.5,Manažerská psychologie (11),Cvi?ení,Q35,Žiaran Pavel,,24
?t,11,11.5,Marketing I,Cvi?ení,Q28,Melichar Ond?ej,,24
?t,11,12.5,Matematika II,Cvi?ení,Q42,Viskotová Lenka,,25
?t,11,12.5,Matematika II,Cvi?ení,Q44,Konderla Tomáš,,25
?t,11,12.5,Obchodní operace I (11),Cvi?ení,Q13,Procházková Lenka,,30
?t,11,12.5,Obchodní operace I (13),Cvi?ení,Q13,Procházková Lenka,,30
?t,11,12.5,Obchodní operace I v AJ (11),Cvi?ení,Q41,Záboj Marek,,30
?t,11,12.5,Obchodní operace I v AJ (13),Cvi?ení,Q41,Záboj Marek,,30
?t,11,12.5,Opera?ní management v AJ (11),Cvi?ení,Q45,Janiš Vít,,30
?t,11,12.5,Opera?ní management v AJ (13),Cvi?ení,Q45,Janiš Vít,,30
?t,11,12.5,Personalistika (11),Cvi?ení,Q14,Urbánková Hana,,25
?t,11,12.5,Personalistika (13),Cvi?ení,Q14,Urbánková Hana,,25
?t,11,12.5,Podnikové finance,Cvi?ení,Q46,Basovníková Marcela,,30
?t,11,12.5,Sv?tový jazyk - Ruština 2,Cvi?ení,Q01.84,Shchavruk Marina,,22
?t,11,12.5,"Ve?ejné finance II (13,66)",Cvi?ení,Q38,Kuku?ková So?a,,30
?t,11,12.5,Výpo?etní technika a algoritmizace II,Cvi?ení,Q24,Tur?ínek Jan,,22
?t,12,12.5,Makroekonomie I,Cvi?ení,Q32,Náplava Radek,,30
?t,12,12.5,Marketing I,Cvi?ení,Q28,Melichar Ond?ej,,24
?t,13,14.5,Makroekonomie I (37),P?ednáška,Q01,Dušková Jitka,"1b-(me|1,2)",361
?t,13,14.5,Nep?ímé dan? (4),P?ednáška,Q03,Pant??ek Igor,,170
?t,13,14.5,Po?íta?ové sít? I (30),P?ednáška,Q01.48,Balej Ji?í,,24
?t,13,14.5,Pokro?ilá uživatelská rozhraní,P?ednáška,Q15,Procházka David,,70
?t,13,14.5,Smluvní vztahy v podnikání,P?ednáška,Q35,Vítek Bohumil,,30
?t,13,14.5,Budování zna?ky,Cvi?ení,Q13,Tur?ínková Jana,,24
?t,13,14.5,Cestovní ruch (11),Cvi?ení,Q27,Ryglová Kate?ina,,18
?t,13,14.5,Cestovní ruch v AJ (13),Cvi?ení,Q32,Peruthová Astrida,,56
?t,13,14.5,Controlling (11),Cvi?ení,Q41,Vav?ina Jan,,30
?t,13,14.5,Controlling (13),Cvi?ení,Q41,Vav?ina Jan,,30
?t,13,14.5,Ekonomicko matematické metody,Cvi?ení,Q37,Holoubek Josef,,20
?t,13,14.5,Finan?ní management v AJ (11),Cvi?ení,Q23,Olbrecht Vojt?ch,,35
?t,13,14.5,Finan?ní ú?etnictví II se zam??ením na zem? V4,Cvi?ení,Q43,Gláserová Jana,,30
?t,13,14.5,"IS/ICT v AJ (15,21)",Cvi?ení,Q24,Da?ena František,,
?t,13,13.5,Makroekonomie I,Cvi?ení,Q22,Machay Martin,,30
?t,13,14.5,Matematika I,Cvi?ení,Q44,?íhová Dana,,25
?t,13,13.5,Mikroekonomie I,Cvi?ení,Q48,Fuchs Kamil,,30
?t,13,14.5,Obchodní jazyk - angli?tina,Cvi?ení,Q25,Grochal Matej,,22
?t,13,14.5,Opera?ní systémy,Cvi?ení,Q47,P?ichystal Jan,,20
?t,13,14.5,Personalistika (13),Cvi?ení,Q14,Urbánková Hana,,25
?t,13,14.5,Personalistika (11),Cvi?ení,Q14,Urbánková Hana,,25
?t,13,14.5,"Po?íta?ová grafika I (15,21)",Cvi?ení,Q09,Chalupová Nad?žda,,
?t,13,14.5,Podniková ekonomika II,Cvi?ení,Q42,Hajko Vladimír,,30
?t,13,14.5,Podnikové finance,Cvi?ení,Q46,Basovníková Marcela,,30
?t,13,14.5,Spole?enská odpov?dnost firem (13),Cvi?ení,Q45,Ku?erová Renata,,30
?t,13,14.5,Spole?enská odpov?dnost firem (11),Cvi?ení,Q45,Ku?erová Renata,,30
?t,13,14.5,Sv?tový jazyk - N?m?ina 2,Cvi?ení,Q38,Branná Lucie,,23
?t,13,14.5,Sv?tový jazyk - Ruština 2,Cvi?ení,Q01.84,Shchavruk Marina,,22
?t,13,14.5,Výpo?etní technika a algoritmizace II,Cvi?ení,Q05,Dannhoferová Jana,,22
?t,13,14.5,Výpo?etní technika a algoritmizace II,Cvi?ení,Q06,Tur?ínek Jan,,22
?t,13,14.5,Výpo?etní technika II,Cvi?ení,Q08,Jedli?ka Petr,,21
?t,13,14.5,Webové aplikace (68),Cvi?ení,Q07,Lýsek Ji?í,,20
?t,13,14.5,Základy práva I (11),Cvi?ení,Q28,Hrdli?ka Miloslav,,28
?t,13,14.5,Základy práva I (13),Cvi?ení,Q28,Hrdli?ka Miloslav,,28
?t,14,14.5,Makroekonomie I (76),Cvi?ení,Q22,Machay Martin,,30
?t,14,14.5,Mikroekonomie I,Cvi?ení,Q48,Fuchs Kamil,,30
?t,15,16.5,Finan?ní analýza podniku (69),P?ednáška,Q16,Špirková Daniela,,80
?t,15,16.5,Finan?ní trhy v AJ,P?ednáška,Q32,Šir??ek Martin,,48
?t,15,16.5,Finan?ní ú?etnictví II se zam??ením na zem? V4 (72),P?ednáška,Q43,Gláserová Jana,,100
?t,15,16.5,Informa?ní systémy v AJ,P?ednáška,Q15,Da?ena František,,33
?t,15,16.5,Opera?ní management v AJ,P?ednáška,Q23,Žufan Pavel,,48
?t,15,18.5,Ú?etnictví a dan? (41),P?ednáška,Q33,Otavová Milena,,48
?t,15,16.5,Aplika?ní programové vybavení,Cvi?ení,Q09,Lýsek Ji?í,,20
?t,15,17.5,Databázové systémy I,Cvi?ení,Q08,Tur?ínek Jan,,20
?t,15,16.5,Ekonomicko matematické metody,Cvi?ení,Q37,Holoubek Josef,,20
?t,15,16.5,Geografie cestovního ruchu,Cvi?ení,Q27,Mokrý Stanislav,,24
?t,15,16.5,Informa?ní systémy finan?ních institucí (13),Cvi?ení,Q06,Klegová Jaroslava,,20
?t,15,16.5,Informatika pro ekonomy II,Cvi?ení,Q07,Haluza Pavel,,23
?t,15,16.5,IS/ICT v AJ (15),Cvi?ení,Q24,P?ichystal Jan,,22
?t,15,15.5,Makroekonomie I,Cvi?ení,Q22,Náplava Radek,,30
?t,15,16.5,Manažerská psychologie (11),Cvi?ení,Q42,Kvapilová Bartošová Michaela,,24
?t,15,16.5,Manažerská psychologie (13),Cvi?ení,Q42,Kvapilová Bartošová Michaela,,24
?t,15,16.5,Matematika I,Cvi?ení,Q44,?íhová Dana,,25
?t,15,16.5,Mezinárodní investi?ní management v AJ (77),Cvi?ení,Q36,Francová Blanka,,30
?t,15,15.5,Mikroekonomie I,Cvi?ení,Q48,Fuchs Kamil,,30
?t,15,16.5,Opera?ní výzkum,Cvi?ení,Q34,Kolman Pavel,,25
?t,15,16.5,Podniková ekonomika II,Cvi?ení,Q41,Hajko Vladimír,,30
?t,15,16.5,Podnikové finance,Cvi?ení,Q46,Masa?ová Andrea,,30
?t,15,16.5,Podnikové finance v AJ,Cvi?ení,Q25,Špirková Daniela,,30
?t,15,15.5,Smluvní vztahy v podnikání,Cvi?ení,Q35,Vítek Bohumil,,30
?t,15,16.5,Sociologie a sociální psychologie (11),Cvi?ení,Q31,Bédiová Monika,,28
?t,15,16.5,Sociologie a sociální psychologie (13),Cvi?ení,Q31,Abramuszkinová Pavlíková Eva,,25
?t,15,16.5,Spole?enská odpov?dnost firem (11),Cvi?ení,Q45,Formánková Sylvie,,31
?t,15,16.5,Spole?enská odpov?dnost firem (13),Cvi?ení,Q45,Formánková Sylvie,,31
?t,15,16.5,Sv?tový jazyk - N?m?ina 2 (78),Cvi?ení,Q38,Horáková Ludmila,,
?t,15,16.5,Um?lá inteligence II v AJ,Cvi?ení,Q47,Žižka Jan,,20
?t,15,16.5,Výpo?etní technika a algoritmizace I (9),Cvi?ení,Q05,Chalupová Nad?žda,1b-me32,20
?t,15,16.5,Word (4),Cvi?ení,Q05,Chalupová Nad?žda,,20
?t,15,16.5,Základy práva I (13),Cvi?ení,Q28,Hrdli?ka Miloslav,,28
?t,15,16.5,Základy práva I (11),Cvi?ení,Q28,Hrdli?ka Miloslav,,28
?t,16,16.5,Makroekonomie I (76),Cvi?ení,Q22,Machay Martin,,30
?t,16,16.5,Mikroekonomie I,Cvi?ení,Q48,Fuchs Kamil,,30
?t,16,18.5,Ú?etní software,Cvi?ení,Q26,Formanová Lucie,,22
?t,17,18.5,"Zpracování text? na po?íta?i (43,70)",P?ednáška,Q03,Rybi?ka Ji?í,,230
?t,17,18.5,Aplika?ní programové vybavení (24),Cvi?ení,Q09,Juránek Luboš,,20
?t,17,18.5,"Evropské hospodá?ské právo v AJ (11,21)",Cvi?ení,Q35,Mat?jková Jitka,,
?t,17,18.5,"Evropské hospodá?ské právo v AJ (13,21)",Cvi?ení,Q35,Mat?jková Jitka,,
?t,17,18.5,Financování regionálního rozvoje,Cvi?ení,Q05,Toman Petr,,24
?t,17,18.5,Geografie cestovního ruchu,Cvi?ení,Q27,Mokrý Stanislav,,24
?t,17,18.5,Informa?ní systémy v AJ (75),Cvi?ení,Q06,Da?ena František,,33
?t,17,17.5,Makroekonomie I (76),Cvi?ení,Q22,Machay Martin,,30
?t,17,18.5,Mezinárodní investi?ní management v AJ (77),Cvi?ení,Q36,Francová Blanka,,30
?t,17,18.5,Opera?ní výzkum,Cvi?ení,Q34,Kolman Pavel,,25
?t,17,18.5,Teorie graf? (11),Cvi?ení,Q07,Kolomazník Jan,,20
?t,17,18.5,Teorie graf? (13),Cvi?ení,Q07,Kolomazník Jan,,20
?t,18,18.5,Makroekonomie I (74),Cvi?ení,Q22,Machay Martin,,
Pá,7,9.5,"Algoritmizace (79,80)",P?ednáška,Q15,Moty?ka Arnošt,1b-(1|ei31),48
Pá,7,8.5,Podnikové finance v AJ (79),P?ednáška,Q43,Špirková Daniela,,64
Pá,7,8.5,"Finan?ní trhy (11,79)",Cvi?ení,Q31,Toman Petr,,30
Pá,7,8.5,Finan?ní trhy (13),Cvi?ení,Q31,Toman Petr,,30
Pá,7,8.5,"Podnikové finance (21,79)",Cvi?ení,Q42,Masa?ová Andrea,,
Pá,7,8.5,"Právo EU (11,79)",Cvi?ení,Q48,Cejpek Musilová Hana,,30
Pá,7,8.5,"Veletrhy a výstavy (11,79)",Cvi?ení,Q27,Dufek Ond?ej,,24
Pá,7,8.5,Veletrhy a výstavy (13),Cvi?ení,Q27,Dufek Ond?ej,,24
Pá,7,8.5,Výpo?etní technika a algoritmizace II (79),Cvi?ení,Q07,T?ináctý Ji?í,,22
Pá,7,8.5,"Vývoj ekonomického myšlení (11,79)",Cvi?ení,Q44,Machay Martin,,30
Pá,7,8.5,Vývoj ekonomického myšlení (13),Cvi?ení,Q44,Machay Martin,,30
Pá,8,8.5,"Laborato? informa?ních systém? a procesního modelování (79,82)",P?ednáška,Q06,Rábová Ivana,,22
Pá,9,10.5,Opera?ní výzkum v AJ (79),P?ednáška,Q34,Kolman Pavel,,25
Pá,9,10.5,"?ízení kvality a inovací (79,85)",P?ednáška,Q23,Lörinczy Markéta,,60
Pá,9,10.5,Selektivní zda?ování spot?eby (79),P?ednáška,Q16,David Petr,,60
Pá,9,10.5,Veletrhy a výstavy (79),P?ednáška,Q43,Dufek Ond?ej,,40
Pá,9,9.5,Elektronický marketing (79),Cvi?ení,Q27,Cinciala Tomáš,,24
Pá,9,10.5,Ekonometrie I v AJ (79),Cvi?ení,Q37,Adamec Václav,,26
Pá,9,10.5,"Excel (4,79)",Cvi?ení,Q05,Dlabolová Dita,,22
Pá,9,10.5,Finan?ní trhy (13),Cvi?ení,Q31,Toman Petr,,30
Pá,9,10.5,"Finan?ní trhy (11,79)",Cvi?ení,Q31,Toman Petr,,30
Pá,9,10.5,Informatika pro ekonomy I (9),Cvi?ení,Q05,Dlabolová Dita,,23
Pá,9,10.5,Kroužek pokro?ilého použití kancelá?ských aplikací (79),Cvi?ení,Q09,Jedli?ka Petr,,20
Pá,9,10.5,Kroužek textminingové aplikace (79),Cvi?ení,Q47,P?ichystal Jan,,20
Pá,9,10.5,"Laborato? informa?ních systém? a procesního modelování (79,82)",Cvi?ení,Q06,Rábová Ivana,,22
Pá,9,10.5,Makroekonomie II (79),Cvi?ení,Q32,Kajurová Veronika,,30
Pá,9,10.5,Obchodní jazyk - angli?tina (79),Cvi?ení,Q46,Klapilová Jana,1b-(me32|1-3),25
Pá,9,10.5,Podnikové finance (79),Cvi?ení,Q42,Masa?ová Andrea,,30
Pá,9,10.5,"?ízení dodavatelsko-odb?ratelských vztah? (13,92)",Cvi?ení,Q13,Tuzová Marcela,,
Pá,9,10.5,"?ízení dodavatelsko-odb?ratelských vztah? (11,79)",Cvi?ení,Q13,Tuzová Marcela,,30
Pá,9,10.5,"Ú?etnictví a dan? (79,93)",Cvi?ení,Q28,Semerád Pavel,,30
Pá,9,10.5,Výpo?etní technika a algoritmizace II (79),Cvi?ení,Q07,T?ináctý Ji?í,,22
Pá,9,10.5,Vývoj ekonomického myšlení (13),Cvi?ení,Q44,Machay Martin,,30
Pá,9,10.5,"Vývoj ekonomického myšlení (11,79)",Cvi?ení,Q44,Machay Martin,,30
Pá,9,12.5,Bloková akce (94), ,"Q38, Q36, Q35, Q33, Q22",,,
Pá,9,16.5,Bloková akce (95), ,Q24,,,
Pá,10,10.5,Elektronický marketing (79),Cvi?ení,Q27,Cinciala Tomáš,,24
Pá,10,11.5,"Algoritmizace (79,87)",Cvi?ení,Q04,Tur?ínek Jan,1b-(1|ei31),22
Pá,10,11.5,"Algoritmizace (79,80,88)",Cvi?ení,Q15,Moty?ka Arnošt,1,22
Pá,11,12.5,"Makroekonomie I (9,56)",P?ednáška,Q01,Fuchs Kamil,"1b-(me|1,2)",361
Pá,11,12.5,Podnikatelský plán v AJ (79),P?ednáška,Q43,Drdla Miloš,,48
Pá,11,11.5,"Elektronický marketing (21,79)",Cvi?ení,Q27,Mokrý Stanislav,,
Pá,11,12.5,Ekonometrie I v AJ (79),Cvi?ení,Q37,Adamec Václav,,26
Pá,11,11.5,Propagace a média (79),Cvi?ení,Q13,Melichar Ond?ej,,24
Pá,11,12.5,"Excel (4,79)",Cvi?ení,Q05,Balej Ji?í,,22
Pá,11,12.5,"Finan?ní trhy (11,79)",Cvi?ení,Q31,Toman Petr,,30
Pá,11,12.5,Finan?ní trhy (13),Cvi?ení,Q31,Toman Petr,,30
Pá,11,12.5,Finan?ní trhy v AJ (79),Cvi?ení,Q23,Ptá?ek Roman,,35
Pá,11,12.5,Informatika pro ekonomy I (9),Cvi?ení,Q05,Balej Ji?í,,23
Pá,11,12.5,Makroekonomie II (79),Cvi?ení,Q32,Kajurová Veronika,,30
Pá,11,12.5,Obchodní jazyk - angli?tina (79),Cvi?ení,Q46,Klapilová Jana,,25
Pá,11,12.5,Opera?ní výzkum v AJ (79),Cvi?ení,Q34,Kolman Pavel,,25
Pá,11,12.5,"Podnikové finance (79,91)",Cvi?ení,Q42,Masa?ová Andrea,,
Pá,11,12.5,Projektový management (13),Cvi?ení,Q14,Vencourová Monika,,30
Pá,11,12.5,"Projektový management (11,79)",Cvi?ení,Q14,Vencourová Monika,,30
Pá,11,12.5,"?ízení kvality a inovací (11,79,85)",Cvi?ení,Q45,Lörinczy Markéta,,20
Pá,11,12.5,"?ízení kvality a inovací (13,85)",Cvi?ení,Q45,Lörinczy Markéta,,20
Pá,11,11.5,Selektivní zda?ování spot?eby (79),Cvi?ení,Q16,David Petr,,30
Pá,11,12.5,"Ú?etnictví a dan? (79,93)",Cvi?ení,Q28,Semerád Pavel,,30
Pá,11,12.5,Výpo?etní technika a algoritmizace II (79),Cvi?ení,Q07,T?ináctý Ji?í,,22
Pá,11,12.5,Zbožíznalství (13),Cvi?ení,Q48,Tuzová Marcela,,24
Pá,11,12.5,"Zbožíznalství (11,79)",Cvi?ení,Q48,Tuzová Marcela,,24
Pá,12,15.5,Bakalá?ský seminá? (79),Cvi?ení,Q06,Tur?ínek Jan,,20
Pá,12,12.5,"Elektronický marketing (21,79)",Cvi?ení,Q27,Mokrý Stanislav,,
Pá,12,12.5,Propagace a média (79),Cvi?ení,Q13,Melichar Ond?ej,,24
Pá,12,12.5,Selektivní zda?ování spot?eby (79),Cvi?ení,Q25,David Petr,,30
Pá,13,14.5,Bakalá?ský seminá? IS/ICT (79),P?ednáška,Q05,Rybi?ka Ji?í,,30
Pá,13,14.5,"Projektový management v AJ (79,83)",P?ednáška,Q23,Lörinczy Markéta,,48
Pá,13,16.5,"Kroužek moderních technologií po?íta?ové sazby (79,86)",Cvi?ení,Q07,Hála Tomáš,,20
Pá,13,14.5,Obchodní jazyk - angli?tina (79),Cvi?ení,Q01.84,Žákovská Iveta,,25
Pá,13,14.5,"Podnikatelský plán v AJ (11,71,79)",Cvi?ení,Q43,Drdla Miloš,,30
Pá,13,14.5,"Podnikatelský plán v AJ (13,71)",Cvi?ení,Q43,Drdla Miloš,,30
Pá,13,14.5,Podnikové finance v AJ (79),Cvi?ení,Q25,Špirková Daniela,,30
Pá,13,14.5,"Projektový management (11,79)",Cvi?ení,Q14,Vencourová Monika,,30
Pá,13,14.5,Projektový management (13),Cvi?ení,Q14,Vencourová Monika,,30
Pá,14,15.5,Bloková akce (89), ,"Q38, Q22",,,
Pá,14,17.5,Bloková akce (90), ,"Q32, Q36, Q35, Q33, Q22",,,
Pá,15,16.5,"Bakalá?ský seminá? IS/ICT (11,79)",Cvi?ení,Q05,Hála Tomáš,,20
Pá,15,15.5,"Projektový management v AJ (79,83)",Cvi?ení,Q23,Lörinczy Markéta,,36
Pá,16,18.5,Bloková akce (84), ,Q22,,,
Pá,18,18.5,Bloková akce (81), ,Q22,,,
So,8,11.5,Bloková akce (97), ,"Q32, Q36, Q35, Q33, Q22",,,
So,13,14.5,Bloková akce (98), ,"Q38, Q22",,,
So,13,16.5,Bloková akce (99), ,"Q32, Q35, Q33, Q22",,,
So,15,17.5,Bloková akce (96), ,Q22,,,
